SampleNumber;Date;Time;TCS COOL 1:EXT HS IN;TCS COOL 2:INT HSOUT;TCS COOL 3:I&L HS IN;TCS COOL 4:AMS HS IN;TCS COOL 5:AMS OUT;TCS COOL 6:AMS IN;TCS COOL 7:ISPR OUT;TCS COOL 8:ISPR IN;TCS COOL 9:LED OUT;TCS COOL 10:LED IN;TCS TEMP OUT EXIT; TCS PRESSURE 1:FREE;TCS PRESSURE 2:ISPR;TCS PRESSURE 3:LED;TCS PRESSURE 4:AMS;TCS COOL 11:FREE IN;TCS COOL 12:FREE OUT;TCS TEMP RADIATOR;TCS TEMP OUT WINDOW; TCS-COOL VALVE 1:FREE Current Timed Position; TCS-COOL VALVE 2:ISPR Current Timed Position; TCS-COOL VALVE 3:LED Current Timed Position; TCS-COOL VALVE 4:AMS Current Timed Position;TCS-COOLING PUMP RELAY;TCS-FREE COOLER
1925; 7/02/2018;17:23:17;129;226;588;325;1052;912;1669;1682;2312;1984;785;    1.2;    1.1;    1.2;    1.2;523;194;-196;833;  42.50;  62.00;  59.00;  63.40;100;100
1926; 8/02/2018;13:18:17;-29;114;529;171;  13.03;   8.90;1760;1573;2301;1997;36;    1.2;    1.1;    1.2;    1.2;374;35;-342;257;  72.25;  76.65;  59.75;  19.40;100;100
1927; 8/02/2018;14:38:17;6;255;561;416;  12.09;   8.69;1796;1515;2298;1984;177;    1.2;    1.1;    1.2;    1.2;404;73;-312;527;  38.25;  58.30;  59.50;  72.05;100;100
1928; 9/02/2018; 9:38:17;-126;151;553;213;   8.85;   6.36;1713;1709;2292;1995;-87;    1.2;    1.1;    1.2;    1.1;403;-66;-440;-6;  64.40;  45.00;  60.75;  29.45;100;100
1929; 9/02/2018;14:48:17;-4;168;507;233;  13.53;   8.74;1697;1707;2276;2022;210;    1.2;    1.1;    1.2;    1.2;330;53;-323;451;  60.40;  51.00;  46.75;  39.90;100;100
1930; 9/02/2018;14:58:17;-8;271;565;562;  11.45;  10.09;1681;1712;2292;1971;211;    1.2;    1.1;    1.2;    1.2;407;47;-341;442;  28.30;  49.50;  46.50;  56.90;100;100
1931; 9/02/2018;15:18:17;1;230;572;340;  10.93;  10.02;1716;1578;2284;2023;202;    1.2;    1.1;    1.2;    1.2;416;57;-324;461;  38.35; 100.00;  46.25;  40.40;100;100
1932; 9/02/2018;16:08:17;28;266;573;436;1184;1034;1711;1717;2319;1961;   5.85;    1.2;    1.1;    1.2;    1.2;438;83;  -2.97;   6.31;  31.00;  48.50;  59.00;  44.45;100;100
1933; 9/02/2018;16:43:17;66;238;572;374;1287;912;1711;1720;2320;1973;   3.20;    1.2;    1.1;    1.2;    1.2;454;119;  -2.46;   9.36;  39.10;  43.50;  58.50;  65.55;100;100
1934; 9/02/2018;20:38:17;-426;258;478;479;1085;982;1731;1738;2316;1947;  -5.56;    1.2;    1.1;    1.1;    1.2;237;-364;  -7.96;  -3.16;  40.15;  38.00;  59.75;  79.05;100;100
1935; 9/02/2018;20:58:17;-461;49;431;144;1022;906;1712;1694;2285;2021;  -6.24;    1.2;    1.1;    1.1;    1.2;158;-400;  -8.26;  -4.06;  91.00;  48.00;  47.25;  90.15;100;100
1936; 9/02/2018;23:48:17;-823;-264;389;-197;1256;535;1731;1705;2302;1999; -11.38;    1.1;    1.1;    1.2;    1.1;38;-752; -12.18; -10.30;  81.80;  41.00;  59.75;  41.45;100;100
1937;10.02.2018; 1:13:17;  -9.88;   0.10;   3.51;   0.78;  11.09;  10.21;  17.08;  16.85;  20.41;  19.49; -12.79;    1.1;    1.1;    1.1;    1.1;   2.27;  -9.07; -14.11; -11.07; 100.00;  49.00;  61.50;  74.75;100;100
1938;10.02.2018; 4:28:17; -10.40;  -0.22;   3.08;  -0.07;  12.90;   8.42;  16.93;  16.91;  19.95;  19.19; -11.09;    1.1;    1.1;    1.1;    1.1;   2.22;  -9.72; -15.02; -11.77; 100.00;  49.50;  74.00;  38.60;100;100
1939;10.02.2018; 5:33:17;-999;160;340;146;1176;1130;1691;1681;1979;1902;  -7.09;    1.1;    1.1;    1.1;    1.1;215;-932; -14.46; -11.61;  61.25;  49.50;  74.00;  24.25;100;100
1940;10.02.2018; 5:38:17;-988;171;362;169;1233;1089;1693;1694;1978;1901;  -6.76;    1.1;    1.1;    1.1;    1.1;315;-923; -14.20; -11.47;  56.50;  49.50;  74.00;   5.50;100;100
1941;14.02.2018;12:18:17;-74;335;567;623;1120;923;1822;1748;2285;1961;  -0.53;    1.2;    1.1;    1.1;    1.1;352;-41;  -4.42;  -0.36;  22.25;  35.00;  47.75;  59.25;100;100
1942;14.02.2018;21:23:17;-209;203;514;478;1245;1162;1770;1693;2284;1983;  -3.88;    1.1;    1.1;    1.1;    1.1;269;-176;  -5.87;  -2.14;  36.70;  60.50;  47.25;  13.45;100;100
1943;14.02.2018;22:53:17;-176;348;525;651;1136;1042;1794;1767;2310;1954;  -3.66;    1.2;    1.1;    1.1;    1.1;302;-149;  -5.49;  -2.51;  19.00;  72.00;  47.25;  43.55;100;100
1944;15.02.2018; 0:08:17;-212;317;522;577;1183;933;1763;1580;2205;1981;  -3.83;    1.2;    1.1;    1.1;    1.1;243;-187;  -5.95;  -2.86;  32.35;  28.70;  60.50;  68.50;100;100
1945;15.02.2018; 1:43:17;-260;232;512;382;1076;981;1767;1643;1980;1905;  -4.11;    1.1;    1.1;    1.1;    1.1;214;-227;  -6.46;  -3.13;  38.25;  97.95;  61.25;  58.25;100;100
1946;15.02.2018; 5:18:17;-405;131;462;153;910;748;1753;1671;1989;1919;  -4.96;    1.1;    1.1;    1.1;    1.1;251;-369;  -8.02;  -4.16;  68.75;  48.00;  73.75;  69.80;100;100
1947;18.02.2018; 7:13:17;-1440;185;414;299;1064;964;1687;1667;1961;1888;  -8.85;    0.7;    1.1;    1.1;    1.1;-62;-1373; -19.86; -13.78;  45.20;  65.50;  74.25;  18.55;100;100
1948;20.02.2018;14:38:17;-479;103;471;197;1119;1037;1766;1571;2273;2025;  -2.85;    1.1;    1.1;    1.1;    1.1;306;-429;  -8.85;  -1.41;  75.75; 100.00;  46.75;  37.35;100;100
1949;23.02.2018;11:08:17;-426;99;466;147;1237;1158;1732;1736;2315;1963;   3.05;    0.9;    1.1;    1.1;    1.1;272;-393;  -8.40;  -0.33;  54.90;  41.50;  60.75;  13.20;100;100
1950;27.02.2018; 3:08:17;  -8.34;  -0.62;   4.61;  -2.17;   9.27;   5.50;  18.27;  17.25;  20.08;  19.43; -10.96;    1.2;    1.1;    1.1;    1.1;   1.53;  -7.67; -12.71; -10.28; 100.00;  48.50;  74.00;  79.85;100;100
1951;28.02.2018;10:13:17;  -7.45;   1.63;   5.06;   4.29;  11.74;  11.24;  18.54;  17.11;  22.78;  19.54;  -9.07;    1.2;    1.1;    1.1;    1.1;   3.01;  -6.88; -11.83;  -7.12;  45.75;  58.50;  49.00;  37.00;100;100
1952; 6/03/2018;15:43:17;-687;216;513;480;1064;997;1812;1522;2293;1972;  -7.66;    1.2;    1.1;    1.1;    1.1;175;-589; -10.80;  -6.70;  47.65;  48.45;  60.00;  50.25;100;100
1954; 9/03/2018;19:18:17;-929;-82;434;-86;892;699;1851;1512;2261;2020; -11.92;    1.2;    1.1;    1.1;    1.1;-106;-853; -13.67; -10.90; 100.00; 100.00;  47.75; 100.00;100;100
1955; 9/03/2018;19:23:17;-927;14;412;418;1224;1150;1859;1749;2276;1959; -11.93;    1.2;    1.1;    1.1;    1.1;-140;-850; -13.74; -10.93;  97.25;  32.60;  50.60;  11.25;100;100
1956; 9/03/2018;19:28:17;-912;278;535;751;1204;1103;1864;1572;2291;1983; -11.91;    1.2;    1.1;    1.1;    1.1;-121;-837; -13.68; -10.96;  32.00;  42.75;  60.50;  11.50;100;100
1957; 9/03/2018;19:48:17;-928;-70;437;-30;897;673;1837;1517;2260;2015; -11.90;    1.0;    1.1;    1.1;    1.1;-110;-852; -13.64; -11.02; 100.00; 100.00;  48.00; 100.00;100;100
1958;12.03.2018;21:08:17;  -6.63;   1.23;   5.47;   0.64;   9.35;   6.23;  19.25;  17.12;  22.89;  19.76;  -8.38;    1.2;    1.1;    1.1;    1.1;   2.51;  -5.45; -10.31;  -6.10;  68.25;   8.55;  60.25;  85.50;100;100
1959;12.03.2018;21:18:17;  -6.82;   2.39;   5.42;   3.94;  11.65;   8.46;  19.10;  11.88;  22.63;  20.11;  -8.52;    1.2;    1.1;    1.1;    1.1;   2.58;  -5.65; -10.60;  -6.17;  40.75; 100.00;  57.40;   2.85;100;100
1961;12.03.2018;21:38:17;  -7.33;   1.29;   5.51;   1.22;  10.65;   5.29;  19.48;  17.69;  22.79;  19.57;  -9.00;    1.2;    1.1;    1.1;    1.1;   3.05;  -6.08; -11.10;  -6.44;  66.25;  34.45;  50.60;  63.25;100;100
1962;12.03.2018;22:58:17;  -8.71;   1.60;   5.71;  -0.15;  11.15;   4.11;  19.44;  18.38;  22.84;  19.53; -10.45;    1.2;    1.1;    1.1;    1.1;   3.68;  -7.41; -12.68;  -7.89;  57.65;   0.00;  60.00;  28.50;100;100
1965;13.03.2018;15:23:17;-1215;40;416;432;1248;788;1941;1281;2276;1971; -10.94;    1.2;    1.1;    1.1;    1.1;-46;-1067; -16.61;   4.56;  91.25;  94.05;  46.75;  32.55;100;100
1966;13.03.2018;15:58:17;-1252;259;549;689;1156;968;1747;1729;2294;1963; -12.02;    1.1;    1.1;    1.1;    1.1;12;-1101; -17.04;   5.36;  36.50;  35.00;  59.75;   0.00;100;100
1968;13.03.2018;17:18:17;-1359;36;386;169;1149;1066;1724;1683;2269;1973; -14.02;    1.2;    1.1;    1.1;    1.1;49;-1205; -18.10;   0.53;  92.75;  63.00;  48.50;  10.85;100;100
1969;15.03.2018;22:53:17; -11.53;   2.01;   5.07;   6.85;  10.86;   9.46;  16.94;  17.60;  23.33;  19.54; -15.48;    1.2;    1.1;    1.1;    1.1;  -0.24; -10.62; -16.15; -13.78;  51.40;  23.50;  59.00;  19.15;100;100
1970;15.03.2018;23:03:17; -11.79;   0.73;   3.98;   4.01;  12.28;   9.60;  17.15;  16.77;  23.14;  19.66; -15.74;    1.2;    1.1;    1.1;    1.1;   0.50; -10.86; -16.47; -13.95;  83.75;  74.50;  46.50;   2.85;100;100
1971;15.03.2018;23:33:17; -11.68;   2.49;   5.70;   6.21;  11.47;   9.38;  17.15;  17.11;  23.38;  19.70; -15.69;    1.2;    1.1;    1.1;    1.1;   1.41; -10.78; -16.38; -14.21;  34.25;  48.50;  58.75;   0.00;100;100
1972;15.03.2018;23:58:17; -12.02;   2.46;   5.33;   7.00;  11.31;   9.87;  17.20;  17.08;  22.89;  19.55; -16.05;    1.2;    1.1;    1.1;    1.1;   0.27; -11.08; -16.69; -14.38;  40.00;  49.50;  59.25;  30.90;100;100
1973;18.03.2018;23:53:17;-537;215;537;341;1198;761;1701;1715;2320;1988;  -7.96;    1.2;    1.1;    1.1;    1.1;323;-477;  -9.63;  -7.14;  48.50;  49.50;  59.75;  13.45;100;100
1974;19.03.2018; 0:13:17;-551;203;526;494;1017;868;1707;1704;2212;1965;  -8.08;    1.2;    1.1;    1.1;    1.1;198;-491;  -9.71;  -7.23;  51.00;  50.10;  47.50;   4.80;100;100
1975;19.03.2018; 0:18:17;-548;154;548;90;1067;515;1711;1688;2200;2009;  -8.08;    1.2;    1.1;    1.1;    1.1;295;-492;  -9.71;  -7.23;  59.75;  61.50;  47.75;  28.50;100;100
1976;26.03.2018;16:18:17;  -5.68;   2.48;   5.57;   6.58;  11.13;   7.42;  17.38;  15.69;  23.06;  19.85;  -7.91;    1.2;    1.1;    1.1;    1.1;   2.54;  -5.02;  -9.91;  -6.54;  39.00; 100.00;  46.25;   3.40;100;100
1986;26.03.2018;19:43:17;  -5.66;   2.19;   5.31;   4.03;  11.53;   8.67;  17.30;  17.14;  23.32;  19.83;  -9.02;    1.2;    1.1;    1.1;    1.1;   2.87;  -4.98;  -9.91;  -7.82;  46.25;  52.00;  59.25;   0.00;100;100
1987;27.03.2018;15:23:17;  -3.68;   1.61;   5.24;   2.27;   9.29;   7.41;  16.91;  15.39;  23.08;  20.21;  -5.22;    1.2;    1.1;    1.1;    1.1;   2.84;  -3.10;  -7.72;  -4.55;  61.75; 100.00;  46.25;  49.30;100;100
1991;27.03.2018;16:03:17;  -3.80;   1.85;   5.06;   3.17;  10.16;   8.53;  17.43;  17.50;  23.01;  20.26;  -5.51;    1.2;    1.1;    1.1;    1.1;   2.76;  -3.23;  -7.93;  -4.71;  55.00;  35.50;  45.50;   5.70;100;100
1996;27.03.2018;23:08:17;-331;171;544;276;1145;619;1746;1738;2306;2023;  -5.43;    1.2;    1.1;    1.1;    1.1;378;-279;  -7.45;  -4.72;  54.75;  23.50;  45.50;  48.10;100;100
1997;29.03.2018; 5:13:17;-712;110;395;26;991;637;1732;1669;1991;1942; -10.17;    1.2;    1.1;    1.1;    1.1;181;-645; -11.68;  -9.21;  73.75;  59.50;  71.25;  13.15;100;100
1999;29.03.2018;20:48:17;-561;180;538;266;1139;583;1652;1800;2332;1959;  -8.15;    1.2;    1.1;    1.1;    1.1;432;-503;  -9.96;  -7.42;  51.75;   0.60;  58.25;  22.80;100;100
2002;29.03.2018;21:33:17;-574;156;469;421;1019;749;1725;1483;2303;2007;  -8.31;    1.2;    1.1;    1.1;    1.1;286;-516;  -9.99;  -7.58;  63.50; 100.00;  46.00;   0.00;100;100
2004;29.03.2018;21:48:17;-587;130;483;325;867;689;1755;1676;2332;1949;  -8.45;    1.2;    1.1;    1.1;    1.1;286;-530; -10.11;  -7.64;  69.25;  75.00;  58.50;  42.45;100;100
2006;29.03.2018;22:28:17;-589;127;508;186;925;618;1706;1743;2299;2027;  -8.55;    1.2;    1.1;    1.1;    1.1;294;-531; -10.14;  -7.77;  68.75;  36.00;  46.50;  62.70;100;100
2007;29.03.2018;22:33:17;-587;143;487;307;912;753;1694;1735;2299;2021;  -8.53;    1.2;    1.1;    1.1;    1.1;291;-529; -10.13;  -7.73;  65.75;  36.50;  46.50;  23.55;100;100
2008;29.03.2018;22:53:17;-634;218;498;584;1057;785;1673;1768;2311;1971;  -9.22;    1.2;    1.1;    1.1;    1.1;209;-576; -10.82;  -8.01;  46.25;  23.50;  46.25;   0.00;100;100
2009;29.03.2018;23:08:17;-654;236;522;512;1147;788;1663;1730;2339;1977;  -9.45;    1.2;    1.1;    1.1;    1.1;241;-594; -11.02;  -8.29;  41.00;  19.55;  58.50;   0.00;100;100
2010; 1/04/2018;20:58:17;-1224;144;590;35;1169;534;1749;1628;2317;2002; -17.20;    1.2;    1.1;    1.1;    1.1;263;-1136; -15.98; -14.83;  60.90;  66.25;  58.25;   8.55;100;100
2011; 1/04/2018;21:08:17;-1070;52;483;-110;1120;328;1742;1630;2291;2023; -14.84;    1.2;    1.1;    1.1;    1.1;169;-997; -16.45; -14.07;  84.00;  94.30;  45.50;  54.15;100;100
2014; 2/04/2018;14:08:17;497;487;803;708;1095;711;1741;1534;2307;2024; -12.05;    1.2;    1.1;    1.1;    1.1;683;556;   1.91; -10.67;   0.00; 100.00;  46.00;   0.00;100;100
2015; 2/04/2018;19:53:17;-513;131;498;156;913;642;1679;1774;2330;1963; -24.88;    1.2;    1.1;    1.1;    1.1;361;-387;  -9.39; -19.27;  67.00;  23.00;  58.50;  56.30;100;100
2016; 3/04/2018; 3:48:17;-1735;-52;156;-187;1111;477;1721;1680;1996;1935; -28.95;    1.2;    1.1;    1.1;    1.1;14;-1504; -21.70; -25.11; 100.00;  62.00;  72.75;  31.15;100;100
2017; 3/04/2018; 9:28:17;-1527;210;545;686;1021;758;1681;1725;2283;2018; -21.13;    1.2;    1.0;    1.1;    1.1;-49;-1360; -18.92; -21.13;  50.25;  35.00;  49.50;   0.00;100;100
2018; 3/04/2018; 9:33:17;-1331;25;368;66;813;663;1695;1737;2290;1991; -20.69;    1.2;    1.1;    1.1;    1.1;105;-1182; -16.43; -20.78;  92.50;  36.00;  49.50;  70.65;100;100
2019; 3/04/2018; 9:43:17;-1185;44;424;-35;966;486;1732;1424;2288;2010; -18.52;    1.1;    1.1;    1.1;    1.1;142;-1020; -18.23; -19.72;  88.50; 100.00;  49.25;  74.10;100;100
2020; 3/04/2018; 9:48:17;-1939;211;671;612;1194;913;1727;1574;2296;2012; -18.29;    1.0;    1.0;    1.1;    1.1;97;-1636; -28.47; -19.01;  44.75; 100.00;  49.25;   0.00;100;100
2021; 3/04/2018;10:28:17; -23.84;   0.26;   4.75;   6.48;  10.59;   7.90;  16.88;  17.22;  23.04;  19.87; -19.51;    1.1;    1.1;    1.1;    1.1;  -0.93; -21.25; -28.88; -16.85;  94.75;  50.50;  49.00;   0.00;100;100
2022; 3/04/2018;11:48:17;-2201;-45;329;529;1069;783;1745;1525;2310;1975; -20.86;    1.1;    1.1;    1.1;    1.1;-328;-1960; -26.97; -11.66; 100.00; 100.00;  48.25;   0.00;100;100
2023; 3/04/2018;11:53:17;-2230;-106;90;-187;1199;978;1714;1654;2335;1941; -20.81;    1.1;    1.1;    1.1;    1.1;-16;-1977; -26.81; -11.30; 100.00;  84.15;  60.75;   0.00;100;100
2027; 3/04/2018;12:33:17;-2186;267;711;1042;1251;1072;1672;1774;2335;1976; -21.84;    1.0;    1.1;    1.1;    1.1;-168;-1963; -27.18;  -8.03;  33.75;  24.00;  47.50;   0.00;100;100
2031; 3/04/2018;13:03:17;-2222;-65;247;-392;1258;726;1711;1793;2315;1984; -22.12;    1.1;    1.1;    1.1;    1.1;49;-1964; -26.65;  -7.47; 100.00;  12.00;  47.50;  45.95;100;100
2032; 4/04/2018; 8:13:17;-2306;-45;323;-386;1108;773;1732;1711;2050;1939; -22.25;    1.1;    1.0;    1.1;    1.1;215;-2015; -28.56; -22.74; 100.00;  56.00;  61.25;  42.75;100;100
2034; 4/04/2018;23:43:17;-2401;-215;-74;-324;1259;1189;1653;1736;2311;2015; -27.09;    1.0;    1.0;    1.1;    1.1;-186;-2148; -28.82; -23.89; 100.00;  35.00;  47.75;   0.00;100;100
2038; 5/04/2018; 1:03:17;-2283;-128;123;-447;1090;962;1741;1745;2088;1986; -26.25;    1.0;    1.0;    1.1;    1.1;29;-2036; -27.72; -23.46; 100.00;  39.00;  61.00;   0.00;100;100
2039; 5/04/2018;14:43:17;-1493;69;439;430;1052;627;1707;1748;2314;1960; -15.69;    1.2;    1.1;    1.1;    1.1;-23;-1311; -19.07;  -5.28;  85.00;  24.50;  47.50;   5.30;100;100
2040; 8/04/2018; 0:08:17;-2494;-43;302;173;967;538;1659;1731;2223;1982; -29.52;    0.9;    1.0;    1.1;    1.1;-196;-2289; -30.72; -25.45; 100.00;  36.00;  59.50;   0.00;100;100
2043; 8/04/2018; 1:13:17;-2474;-18;419;336;928;612;1711;1713;1980;1905; -29.88;    0.9;    1.0;    1.1;    1.1;-65;-2273; -30.81; -26.21; 100.00;  50.00;  73.75;   0.00;100;100
2046;10.04.2018; 0:58:17; -13.31;   2.16;   5.76;   3.81;   8.80;   5.64;  17.30;  17.24;  21.00;  19.87; -15.46;    1.3;    1.1;    1.1;    1.1;   1.32; -12.16; -18.11; -13.40;  46.00;  42.45;  61.75;   0.00;100;100
2050;10.04.2018;14:23:17; -12.18;   2.27;   5.89;   5.63;   9.10;   6.27;  17.17;  15.27;  22.88;  19.96; -12.73;    1.3;    1.1;    1.1;    1.1;   0.68; -10.99; -16.75; -10.70;  43.75;  89.80;  61.25;   0.00;100;100
2051;10.04.2018;14:28:17; -12.19;   2.28;   5.91;   5.33;   9.17;   6.24;  17.19;  14.67;  22.83;  20.02; -12.68;    1.3;    1.1;    1.1;    1.1;   0.69; -11.00; -16.78; -10.81;  43.50; 100.00;  61.00;   0.00;100;100
2053;11.04.2018; 3:58:17; -14.21;   1.87;   5.36;   1.17;   8.32;   4.18;  17.33;  16.83;  19.39;  18.91; -17.14;    1.3;    1.1;    1.1;    1.1;   2.61; -13.03; -19.11; -15.38;  52.75;  60.50;  72.75;   0.00;100;100
2057;11.04.2018; 5:08:17; -16.01;   1.98;   5.25;   2.95;   7.87;   5.04;  17.37;  17.19;  19.12;  18.65; -20.16;    1.3;    1.1;    1.1;    1.1;   1.62; -14.64; -21.02; -17.65;  51.50;  48.50;  72.75;   0.00;100;100
2058;11.04.2018; 5:18:17; -15.70;   2.04;   5.31;   3.09;   7.92;   5.00;  17.30;  16.93;  19.09;  18.61; -19.75;    1.3;    1.1;    1.1;    1.1;   1.91; -14.35; -20.69; -17.49;  50.25;  61.00;  72.75;   0.00;100;100
2063;14.04.2018; 7:43:17; -28.40;   1.82;   5.28;   2.46;   7.77;   4.54;  18.13;  15.53;  17.66;  17.17; -34.39;    1.2;    1.0;    1.1;    1.1;   3.91; -26.99; -34.04; -31.43;  54.00; 100.00; 100.00;   0.00;100;100
2064;14.04.2018; 7:53:17; -27.37;   1.72;   5.14;   2.94;   7.13;   4.34;  18.35;  15.94;  17.62;  17.13; -33.72;    1.2;    1.0;    1.1;    1.1;   3.98; -26.06; -33.71; -31.35;  58.75; 100.00; 100.00;   0.00;100;100
2067;14.04.2018; 9:03:17; -25.07;   2.05;   5.81;   6.38;  10.02;   7.94;  18.67;  15.49;  22.00;  19.95; -27.88;    1.2;    1.0;    1.1;    1.1;  -0.24; -23.67; -31.91; -28.03;  49.50; 100.00;  63.50;   0.00;100;100
2068;14.04.2018; 9:13:17; -25.93;  -0.85;   3.26;   4.55;   8.76;   6.07;  17.53;  14.59;  22.64;  19.48; -27.41;    1.2;    1.0;    1.1;    1.1;  -1.64; -24.45; -32.36; -27.81; 100.00; 100.00;  51.25;   0.00;100;100
2069;14.04.2018; 9:18:17; -25.14;   2.28;   6.54;   7.42;  11.08;   8.99;  18.77;  17.35;  22.65;  19.86; -27.34;    1.2;    1.0;    1.1;    1.1;  -0.64; -24.22; -32.51; -27.79;  41.75;  44.15;  51.25;   0.00;100;100
2071;14.04.2018; 9:43:17; -25.79;  -0.77;   2.27;  -2.02;   9.40;   7.21;  18.32;  15.60;  22.85;  19.45; -27.03;    1.2;    1.0;    1.1;    1.1;  -0.16; -24.47; -31.28; -26.02; 100.00;  51.30;  56.70;   0.00;100;100
2074;14.04.2018; 9:58:17; -28.08;  -1.29;   0.97;  -2.26;  11.21;   4.78;  18.22;  14.78;  23.00;  19.66; -27.73;    1.2;    1.0;    1.1;    1.1;  -0.82; -26.33; -34.40; -25.50; 100.00; 100.00;  63.25;   0.00;100;100
2075;14.04.2018;10:03:17; -28.01;  -1.16;   0.57;   0.37;  10.59;   4.97;  19.03;  15.24;  22.81;  19.85; -27.75;    1.2;    1.0;    1.1;    1.1;  -3.19; -26.32; -34.69; -25.03; 100.00;  48.45;  63.25;   0.00;100;100
2077;14.04.2018;10:18:17; -27.78;   1.63;   5.81;   7.83;  10.70;   8.34;  18.65;  17.34;  22.65;  20.02; -27.22;NOTVerified;NOTVerified;NOTVerified;NOTVerified;  -0.11; -26.36; -34.70; -24.69;  62.00;  44.00;  50.75;   0.00;100;100
2078;14.04.2018;10:43:17; -28.63;  -0.78;   2.25;   0.28;  12.08;   4.37;  18.29;  14.77;  23.16;  19.45; -28.18;    1.2;    1.0;    1.1;    1.1;   0.02; -26.89; -35.14; -24.20; 100.00;  71.25;  62.75;   0.00;100;100
2079;14.04.2018;11:03:17; -26.01;  -0.42;   4.20;   5.82;  10.34;   7.46;  18.84;  13.23;  22.80;  19.89; -27.43;    1.2;    1.0;    1.1;    1.1;  -2.24; -24.47; -32.31; -23.53; 100.00; 100.00;  50.25;   0.00;100;100
2081;14.04.2018;11:48:17; -26.08;   2.07;   6.64;   9.76;  12.31;  10.63;  18.77;  15.45;  23.12;  19.77; -28.06;    1.2;    1.0;    1.1;    1.1;  -2.68; -24.65; -32.81; -21.05;  50.15; 100.00;  49.75;   0.00;100;100
2083;14.04.2018;12:23:17; -25.56;  -1.62;   0.73;  -3.11;  10.73;   5.98;  18.12;  18.39;  23.09;  19.51; -27.80;    1.2;    1.0;    1.1;    1.1;  -2.30; -23.89; -31.26; -21.04; 100.00;   0.00;  61.50;   0.00;100;100
2084;14.04.2018;12:33:17; -24.47;   1.45;   6.20;   9.32;  12.21;  10.35;  18.95;  15.54;  23.10;  19.63; -27.77;    1.2;    1.0;    1.1;    1.1;  -3.18; -23.29; -31.42; -20.35;  66.50; 100.00;  49.00;   0.00;100;100
2085;14.04.2018;12:43:17; -25.44;  -1.31;   1.18;  -1.77;  13.38;   5.36;  18.70;  17.92;  22.73;  20.06; -27.77;    1.2;    1.0;    1.1;    1.1;  -1.91; -23.78; -31.47; -19.84; 100.00;  14.65;  55.80;   0.00;100;100
2088;14.04.2018;13:03:17; -21.71;  -0.76;   3.39;   1.65;   9.45;   5.18;  17.42;  13.52;  22.75;  20.16; -24.50;    1.2;    1.0;    1.1;    1.1;  -1.82; -20.20; -27.28; -17.32; 100.00;  76.95;  49.00;   0.00;100;100
2089;17.04.2018; 2:23:17;-1081;-651;-238;-779;   8.31;   1.11;1749;1675;2019;1964; -13.56;    1.3;    1.0;    1.1;    1.1;-578;-976; -15.18; -12.90;  63.75;  62.00;  64.75;   0.00;100;100
2092;17.04.2018;12:13:17;-1070;-370;-24;-230;838;223;1738;1515;2252;2004; -13.44;    1.3;    1.0;    1.1;    1.1;-265;-966; -15.18; -10.33;  43.50; 100.00;  50.50;   0.00;100;100
2093;17.04.2018;12:18:17;-1057;-375;-44;-64;794;221;1728;1685;2249;1982; -13.38;    1.3;    1.0;    1.1;    1.1;-322;-952; -14.94; -10.32;  45.00;  61.00;  50.50;   0.00;100;100
2094;17.04.2018;13:33:17;-1062;-406;-59;-297;817;252;1755;1553;2252;2005; -13.54;    1.3;    1.0;    1.1;    1.1;-301;-955; -14.98;  -9.39;  53.00; 100.00;  50.25;   0.00;100;100
2096;17.04.2018;13:43:17;-1087;-468;-33;-325;789;80;1729;1706;2274;1942; -13.66;    1.3;    1.0;    1.1;    1.1;-228;-977; -15.35;  -9.37;  69.00;  52.45;  62.15;   0.00;100;100
2102;17.04.2018;16:48:17;-1131;-502;-6;-679;780;4;1743;1632;2273;1989; -14.57;    1.3;    1.0;    1.1;    1.1;-274;-1018; -15.57; -13.43;  74.25;  69.95;  62.25;   0.00;100;100
2105;17.04.2018;17:23:17;-1160;-512;-90;-579;810;139;1739;1592;2263;2001; -15.03;    1.3;    1.0;    1.1;    1.1;-345;-1045; -16.06; -13.92;  79.50;  98.05;  62.25;   0.00;100;100
2115;20.04.2018;20:38:17; -11.86;  -1.36;   2.42;   1.08;   6.51;   2.89;  17.51;  15.36;  22.60;  20.13; -14.44;    1.2;    1.0;    1.0;    1.1;   0.13; -10.79; -16.41; -13.68;  35.00; 100.00;  49.25;   0.00;100;100
2116;23.04.2018;19:38:17; -11.13;  -3.36;  -0.66;  -0.57;  11.57;  10.91;  17.35;  16.93;  22.70;  19.70; -14.35;    1.3;    1.0;    1.1;    1.1;  -2.97; -10.15; -15.57; -13.47;  87.00;  62.00;  48.50;  53.95;100;100
2117;23.04.2018;19:48:17; -11.18;  -3.90;  -1.05;  -3.42;  13.44;  10.58;  17.22;  16.93;  22.74;  20.07; -14.30;    1.3;    1.0;    1.1;    1.1;  -1.90; -10.16; -15.73; -13.40; 100.00;  47.50;  55.55;  27.60;100;100
2118;23.04.2018;20:08:17; -11.34;  -5.33;  -1.05;  -5.82;  12.62;  11.74;  17.21;  17.05;  22.77;  20.00; -14.23;    1.3;    1.0;    1.1;    1.1;  -3.24; -10.31; -15.76; -13.27; 100.00;  36.00;  62.00;  26.80;100;100
2120;24.04.2018;11:03:17; -12.99;  -5.58;   0.17;  -6.22;   9.25;  -0.24;  17.39;  17.35;  23.03;  19.59; -15.80;    1.2;    1.0;    1.1;    1.1;  -2.24; -11.96; -17.55; -14.83; 100.00;  36.50;  62.00;   0.00;100;100
2122;24.04.2018;11:48:17; -12.62;  -5.15;  -1.03;  -4.72;   8.69;   2.51;  17.10;  17.22;  22.63;  20.16; -15.52;    1.2;    1.0;    1.1;    1.1;  -3.15; -11.61; -17.11; -14.51; 100.00;  48.00;  49.50;   0.00;100;100
2124;24.04.2018;12:13:17; -12.37;  -1.54;   0.12;   0.30;   8.45;   4.15;  17.45;  16.64;  22.73;  19.71; -15.37;    1.3;    1.0;    1.1;    1.1;  -3.03; -11.41; -17.01; -14.40;  40.15;  75.60;  49.50;   0.00;100;100
2125;24.04.2018;12:23:17; -12.49;  -2.30;   0.43;  -0.58;   7.57;   2.15;  17.34;  17.23;  23.03;  19.57; -15.38;    1.2;    1.0;    1.1;    1.1;  -2.34; -11.49; -17.05; -14.36;  58.75;  36.50;  62.25;   0.00;100;100
2128;24.04.2018;12:38:17; -12.35;  -1.86;   0.51;   0.08;   8.07;   3.61;  17.52;  17.21;  22.85;  19.55; -15.35;    1.3;    1.0;    1.1;    1.1;  -1.44; -11.40; -17.18; -14.31;  39.45;  49.00;  49.75;   0.00;100;100
2129;24.04.2018;14:53:17; -12.43;  -1.56;   0.27;   0.22;   8.33;   3.97;  17.44;  16.54;  22.69;  19.87; -15.48;    1.2;    1.0;    1.1;    1.1;  -2.74; -11.45; -17.08; -14.40;  40.40;  86.50;  49.25;   0.00;100;100
2130;24.04.2018;16:13:17; -12.31;  -4.82;   0.55;  -3.84;   8.90;  -0.93;  17.47;  17.21;  22.98;  19.45; -15.18;    1.3;    1.0;    1.1;    1.1;  -1.91; -11.31; -16.87; -14.27;  97.20;  50.00;  61.50;   0.00;100;100
2131;24.04.2018;16:23:17; -12.28;  -4.23;   0.65;  -4.15;   6.94;   0.64;  17.02;  16.98;  22.62;  20.16; -15.16;    1.3;    1.0;    1.1;    1.1;  -2.52; -11.27; -16.74; -14.24; 100.00;  48.00;  48.75;   0.00;100;100
2132;25.04.2018;17:58:17;  -9.46;  -4.36;   0.71;  -3.70;  11.94;  11.25;  17.22;  16.66;  22.78;  20.00; -12.25;    1.3;    1.0;    1.1;    1.1;  -2.54;  -8.52; -13.83; -11.39; 100.00;  53.85;  61.75;  32.00;100;100
2136;26.04.2018;22:43:17; -18.74;  -9.01;  -5.06;  -9.25;  12.11;   4.75;  16.81;  18.56;  22.84;  20.25; -22.68;    1.2;    1.0;    1.1;    1.1;  -6.18; -17.47; -24.02; -20.61; 100.00;   0.00;  48.00;   0.00;100;100
2137;26.04.2018;22:48:17; -18.39;  -1.20;  -0.66;   0.47;  10.48;   6.99;  17.33;  16.04;  23.36;  19.65; -22.71;    1.2;    1.0;    1.1;    1.1;  -6.80; -17.18; -24.03; -20.69;  30.75; 100.00;  60.50;   0.00;100;100
2138;26.04.2018;23:13:17; -18.58;  -9.37;  -3.98;  -9.77;  11.91;   6.61;  17.38;  17.02;  22.87;  20.24; -22.53;    1.2;    1.0;    1.1;    1.1;  -6.42; -17.32; -23.79; -20.86; 100.00;  60.50;  47.75;   0.00;100;100
2140;26.04.2018;23:43:17;-1884;-655;-225;  -5.23;  10.32;   1.82;  17.01;  17.71;  23.06;  19.49; -22.80;    1.2;    1.0;    1.1;    1.1;  -3.63; -17.56; -24.02; -21.00; 100.00;  24.50;  60.25;   0.00;100;100
2141;29.04.2018; 7:18:17; -17.56;  -4.02;   0.42;  -5.21;   7.75;  -0.53;  17.87;  17.49;  19.63;  19.30; -21.14;    1.3;    0.9;    0.9;    1.1;  -1.06; -15.13; -22.29; -20.06;  86.30;  35.00;  74.50;   0.00;100;100
2144;30.04.2018; 1:38:17; -13.59;  -3.44;   0.91;  -3.61;   5.27;   0.41;  17.56;  17.25;  19.65;  19.16; -16.67;    1.3;    0.8;    0.9;    1.1;  -1.90; -11.74; -18.09; -15.44;  87.75;  48.50;  63.50;   0.00;100;100
2145;30.04.2018; 1:58:17; -13.92;  -3.16;   0.21;  -3.27;   8.00;   2.21;  17.36;  17.25;  19.62;  19.14; -17.22;    1.3;    0.8;    0.9;    1.1;  -2.10; -12.04; -18.59; -15.91;  80.50;  36.50;  76.00;   0.00;100;100
2146; 1/05/2018;12:38:17; -21.91;  -9.05;  -3.04; -12.26;  11.64;   2.37;  17.72;  16.66;  22.77;  20.26; -25.75;    1.2;    1.1;    1.1;    1.1;  -3.53; -19.70; -27.15; -20.02; 100.00;  77.45;  47.00;   0.00;100;100
2148; 1/05/2018;12:58:17; -22.24;  -7.23;  -0.70;  -9.80;  11.83;   2.02;  18.28;  17.38;  23.13;  20.04; -25.99;    1.2;    1.1;    1.1;    1.1;  -3.29; -20.03; -27.63; -19.15;  82.20;  41.80;  60.75;  11.40;100;100
2152; 3/05/2018; 3:08:17; -20.11;  -6.45;  -2.52;  -9.06;   9.48;   1.46;  17.49;  17.46;  20.32;  19.64; -23.43;    1.2;    1.1;    1.1;    1.1;  -1.88; -18.46; -25.73; -22.39; 100.00;  36.50;  63.75;   0.00;100;100
2153; 3/05/2018; 3:18:17; -19.91;  -5.87;  -3.24;  -7.06;   9.86;   3.13;  17.14;  17.38;  20.22;  19.55; -23.22;    1.2;    1.0;    1.1;    1.1;  -1.80; -18.24; -25.48; -22.25; 100.00;  34.50;  63.75;   0.00;100;100
2154; 3/05/2018; 3:38:17; -19.62;  -5.36;  -0.76;  -9.39;   8.86;  -0.21;  17.46;  17.30;  20.03;  19.37; -23.02;    1.2;    1.1;    1.1;    1.1;  -1.34; -18.07; -25.39; -21.97; 100.00;  38.00;  63.75;   0.00;100;100
2155; 3/05/2018; 3:43:17; -19.85;  -6.31;  -3.08;  -8.22;   9.54;   2.59;  17.40;  17.49;  19.99;  19.32; -23.03;    1.2;    1.1;    1.1;    1.1;  -1.67; -18.18; -25.36; -21.89; 100.00;  26.00;  63.75;   0.00;100;100
2157; 6/05/2018; 8:28:17;  -7.28;  -3.15;   1.29;  -1.65;   7.93;   5.13;  17.68;  17.86;  21.49;  19.28; -10.26;    1.3;    1.1;    1.1;    1.1;  -2.19;  -6.31; -11.45;  -9.17; 100.00;  14.00;  63.75;  29.35;100;100
2159; 6/05/2018; 9:08:17;  -7.39;  -1.18;   2.75;   0.11;   7.93;   4.97;  17.25;  16.71;  22.14;  19.82; -10.53;    1.3;    1.1;    1.1;    1.1;  -1.03;  -6.46; -11.93;  -9.47;   3.85;  62.00;  52.00;  14.80;100;100
2160; 6/05/2018; 9:38:17;  -7.18;  -0.75;   2.99;   1.04;   7.99;   6.23;  17.01;  17.86;  22.69;  19.46; -10.50;    1.3;    1.1;    1.1;    1.1;  -2.59;  -6.24; -11.55;  -9.57;   0.00;  10.00;  51.50;   0.00;100;100
2161; 6/05/2018; 9:48:17;  -7.11;  -0.81;   3.18;   0.14;   8.37;   4.86;  17.61;  16.94;  22.75;  19.48; -10.38;    1.3;    1.1;    1.1;    1.1;  -1.41;  -6.18; -11.60;  -9.50;   0.00;  61.00;  63.75;   0.00;100;100
2162; 6/05/2018; 9:58:17;  -7.04;  -1.09;   2.67;   0.23;   8.03;   5.74;  17.60;  16.69;  22.62;  19.78; -10.31;    1.2;    1.1;    1.1;    1.1;  -1.94;  -6.09; -11.25;  -9.44;   6.00;  31.35;  63.50;  13.00;100;100
2163; 6/05/2018;10:08:17;  -7.11;  -1.84;   2.96;  -0.28;   8.38;   3.76;  17.56;  14.56;  22.32;  20.09; -10.31;    1.2;    1.1;    1.1;    1.1;  -0.69;  -6.17; -11.57;  -9.37;  19.95; 100.00;  50.75;  17.10;100;100
2164; 6/05/2018;10:13:17;  -7.02;  -1.35;   2.49;   0.53;   7.78;   5.77;  17.57;  16.47;  22.52;  19.55; -10.34;    1.3;    1.1;    1.1;    1.1;  -2.68;  -6.08; -11.21;  -9.36;  37.30;  87.00;  50.75;  14.00;100;100
2166; 6/05/2018;10:28:17;  -7.11;  -3.80;   2.08;  -3.95;   6.16;   5.43;  17.37;  16.88;  22.43;  20.10; -10.26;    1.3;    1.1;    1.1;    1.1;  -2.55;  -6.14; -11.25;  -9.31; 100.00;  48.00;  50.50;  59.95;100;100
2167; 7/05/2018;14:13:17; -10.68;-298;131;-116;886;   2.50;1747;1509;  22.52;1979; -15.26;    1.2;    1.1;    1.1;    1.1;-123;-963; -15.68; -12.62;  33.85; 100.00;  49.75;   0.00;100;100
2168; 7/05/2018;21:53:17;  -9.17;  -1.99;  -0.15;   0.29;  11.36;   8.07;  17.39;  17.19;  22.72;  19.42; -12.04;    1.0;    1.1;    1.1;    1.1;  -5.21;  -7.48; -13.02; -11.27;  55.05;  53.50;  62.25;  37.05;100;100
2171; 9/05/2018;11:23:17;  -3.57;  -1.29;   4.95;   3.01;   6.23;   3.72;  17.86;  17.73;  24.53;  19.79;  -6.38;    1.1;    1.1;    1.1;    1.1;   1.31;  -2.44;  -6.99;  -4.93;  17.45;  22.50;  48.25;  12.60;100;100
2172; 9/05/2018;11:38:17;  -4.38;  -1.69;   3.85;   0.08;   6.73;   5.25;  17.71;  17.53;  23.00;  19.55;  -6.66;    1.2;    1.1;    1.1;    1.1;   0.78;  -3.16;  -7.82;  -5.11;  38.45;  34.00;  60.25;  62.85;100;100
2173; 9/05/2018;12:23:17;  -5.46;  -2.50;   2.18;  -1.43;  11.83;   8.36;  17.58;  17.49;  22.85;  19.53;  -8.08;    1.1;    1.1;    1.1;    1.1;  -2.29;  -4.15;  -8.87;  -6.23;  78.50;  23.50;  61.50;  38.30;100;100
2174; 9/05/2018;12:28:17;  -5.70;  -2.59;   3.88;  -2.93;   6.44;   1.83;  17.43;  16.71;  22.49;  20.04;  -8.11;    1.0;    1.1;    1.1;    1.1;  -0.34;  -4.36;  -9.02;  -6.32;  53.80;  52.85;  58.90;   0.00;100;100
2177; 9/05/2018;13:18:17;  -5.24;  -2.25;   2.53;   0.05;  12.37;   9.76;  17.49;  17.20;  22.62;  19.64;  -7.70;    1.0;    1.1;    1.1;    1.1;  -0.36;  -3.96;  -9.05;  -6.50;  53.95;  49.50;  48.75;  33.15;100;100
2179; 9/05/2018;13:38:17;  -4.92;  -1.79;   2.36;   0.08;  11.85;  11.46;  17.58;  16.80;  22.52;  19.85;  -7.44;    1.1;    1.1;    1.1;    1.1;  -1.43;  -3.68;  -8.31;  -6.37;  42.00;  70.65;  48.75;  47.00;100;100
2180; 9/05/2018;13:53:17;  -5.21;  -2.28;   2.65;  -1.39;  10.12;   7.68;  17.41;  16.52;  22.48;  20.17;  -7.22;    1.1;    1.1;    1.1;    1.1;  -2.40;  -3.86;  -8.57;  -6.21;  69.75;  75.50;  49.25;  71.70;100;100
2181; 9/05/2018;13:58:17;  -4.90;  -1.21;   2.74;   0.26;  11.09;  10.70;  17.35;  16.79;  22.47;  19.99;  -7.12;    1.1;    1.1;    1.1;    1.1;  -1.19;  -3.62;  -8.55;  -6.16;  10.00;  67.95;  49.25;  78.65;100;100
2182; 9/05/2018;14:03:17;  -4.75;  -1.74;   3.45;   0.04;   8.46;   6.74;  17.61;  17.14;  22.60;  19.68;  -7.05;    1.1;    1.1;    1.1;    1.1;   0.44;  -3.51;  -8.36;  -6.12;  31.10;  47.50;  49.25;  34.40;100;100
2183; 9/05/2018;14:08:17;  -4.96;  -2.53;   3.58;  -0.24;   7.07;   2.54;  18.39;  17.66;  22.76;  19.45;  -6.98;    1.2;    1.1;    1.1;    1.1;   0.42;  -3.66;  -8.27;  -6.06;  75.00;  24.45;  61.75;   0.00;100;100
2184;12.05.2018;12:58:17;  -5.09;  -0.82;   4.08;   0.49;   7.58;   4.71;  17.49;  17.09;  24.65;  21.55;  -7.99;    1.0;    1.1;    1.1;    1.1;   0.44;  -4.32;  -9.26;  -6.73;   0.00;  56.00;  51.00;   0.00;100;100
2185;12.05.2018;13:08:17;  -4.99;  -2.52;   2.88;  -2.81;  10.72;   7.03;  17.40;  16.53;  24.54;  21.98;  -8.10;    1.1;    1.1;    1.1;    1.1;  -0.80;  -4.26;  -9.50;  -6.72;  76.50;  64.50;  60.40;  56.85;100;100
2186;12.05.2018;13:43:17;  -5.09;  -0.92;   3.18;  -0.14;  10.86;  10.43;  17.39;  16.11;  24.66;  21.92;  -8.20;    1.0;    1.1;    1.1;    1.1;  -1.31;  -4.31;  -9.36;  -6.88;   0.00;  68.00;  64.00;  63.40;100;100
2187;12.05.2018;13:48:17;  -5.18;  -2.21;   3.67;  -0.69;   5.04;   3.06;  17.27;  17.22;  24.47;  22.01;  -8.24;    1.1;    1.1;    1.1;    1.1;  -1.74;  -4.38;  -9.11;  -6.94;  66.55;  48.00;  51.75;  73.60;100;100
2188;12.05.2018;13:53:17;  -5.56;  -1.86;   3.56;  -0.29;   5.65;   3.40;  17.19;  16.77;  24.54;  21.64;  -8.42;    1.1;    1.1;    1.1;    1.1;  -1.13;  -4.74;  -9.55;  -6.99;  56.25;  74.50;  51.75;   0.00;100;100
2189;12.05.2018;14:08:17;  -5.87;  -3.00;   3.85;  -4.01;   6.11;   1.33;  17.39;  16.59;  24.61;  21.92;  -8.93;    1.0;    1.1;    1.1;    1.1;  -1.40;  -5.04;  -9.87;  -7.40;  66.55;  65.00;  64.25;   2.85;100;100
2190;12.05.2018;14:13:17;  -6.13;  -3.47;   3.34;  -4.03;   6.95;   1.98;  17.20;  16.04;  24.44;  22.12;  -9.09;    1.1;    1.1;    1.1;    1.1;  -1.61;  -5.27; -10.16;  -7.56;  92.85;  90.00;  51.50;   0.00;100;100
2191;12.05.2018;14:28:17;  -6.23;  -2.66;   3.16;  -1.77;   6.87;   4.56;  17.30;  17.32;  24.86;  21.54;  -9.29;    1.1;    1.1;    1.1;    1.1;  -1.38;  -5.41; -10.45;  -7.92;  85.65;  38.50;  63.50;  18.00;100;100
2192;12.05.2018;14:38:17;  -6.04;  -2.60;   2.39;  -0.44;  10.85;  10.39;  17.44;  17.10;  24.52;  21.62;  -9.38;    1.1;    1.1;    1.1;    1.1;  -2.70;  -5.23; -10.06;  -8.04;  82.50;  52.50;  50.75;  77.25;100;100
2194;12.05.2018;14:53:17;  -6.27;  -3.63;   2.91;  -3.12;   8.59;   7.91;  17.44;  16.26;  24.45;  21.95;  -9.67;    1.1;    1.1;    1.1;    1.1;  -2.60;  -5.44; -10.28;  -8.18;  96.85; 100.00;  50.50;  65.55;100;100
2195;12.05.2018;14:58:17;  -6.53;  -3.66;   3.57;  -2.51;   5.60;   0.73;  17.38;  17.17;  24.69;  21.40;  -9.74;    1.0;    1.1;    1.1;    1.1;  -1.05;  -5.68; -10.44;  -8.21;  90.35;  50.50;  63.25;   0.00;100;100
2198;15.05.2018;11:08:17;  -7.29;  -2.48;   3.08;  -0.67;   5.02;   3.67;  16.97;  17.28;  24.44;  21.93; -10.84;    1.0;    1.1;    1.1;    1.1;  -3.54;  -6.38; -11.50;  -9.40;  79.90;  48.50;  51.50;  34.90;100;100
2202;15.05.2018;11:38:17;  -7.43;  -3.50;   3.36;  -4.74;   4.73;   0.50;  16.37;  18.23;  24.82;  21.73; -10.88;    1.0;    1.1;    1.1;    1.1;  -3.09;  -6.48; -11.63;  -9.58; 100.00;   0.00;  63.50;  48.45;100;100
2203;15.05.2018;11:58:17;  -7.57;  -1.01;   3.85;   0.68;   7.74;   5.04;  16.62;  20.79;  24.71;  21.51; -10.93;    0.8;    1.1;    1.1;    1.1;  -1.55;  -6.64; -12.22;  -9.65;   0.00;   0.00;  50.50;   0.00;100;100
2205;15.05.2018;12:08:17;  -7.44;  -3.46;   3.41;  -4.65;   4.88;   2.05;  16.74;  22.10;  24.84;  21.68; -10.94;    1.0;    1.1;    1.1;    1.1;  -3.18;  -6.52; -11.75;  -9.68;  92.15;   0.00;  63.25;  76.95;100;100
2206;15.05.2018;18:03:17;  -9.19;  -1.57;   2.59;   1.16;   9.65;   7.44;  17.69;  30.04;  24.73;  21.44; -12.55;    0.9;    1.1;    1.1;    1.1;  -5.58;  -8.16; -14.06; -11.53;  43.00;   0.00;  62.50;   0.00;100;100
2208;15.05.2018;18:13:17;  -9.52;  -4.39;   3.14;  -6.69;   5.57;  -0.14;  17.69;  30.04;  24.57;  22.04; -12.64;    0.9;    1.1;    1.1;    1.1;  -4.42;  -8.46; -14.17; -11.58;  88.85;   0.00;  53.70;   0.00;100;100
2213;24.05.2018;12:28:17; -11.45;  -3.22;   2.08;  -4.47;   7.34;   1.25;  17.34;  16.99;  24.83;  21.73; -16.66;    1.2;    1.1;    1.1;    1.1;  -1.88; -10.30; -16.22; -15.12;  50.95;  39.00;  63.50;   0.00;100;100
2214;24.05.2018;12:43:17; -11.82;  -2.44;   2.78;  -1.90;   8.76;   2.02;  17.14;  17.35;  24.74;  21.38; -17.25;    1.2;    1.1;    1.1;    1.1;  -1.40; -10.67; -16.85; -15.06;  31.85;  41.50;  63.25;   0.00;100;100
2219;24.05.2018;14:18:17; -10.33;  -4.20;   1.45;  -4.41;   5.74;   1.62;  16.15;  16.34;  24.48;  21.86; -16.61;    1.2;    1.1;    1.1;    1.1;  -3.17;  -9.17; -14.37; -14.66; 100.00;  87.50;  51.25;   0.00;100;100
2221;24.05.2018;14:53:17; -10.43;  -1.21;   2.43;   1.09;   9.15;   6.86;  17.27;  16.67;  24.85;  21.56; -18.32;    1.2;    1.1;    1.1;    1.1;  -4.64;  -9.32; -15.25; -15.34;  26.75;  45.80;  63.50;   0.00;100;100
2222;24.05.2018;15:33:17; -10.81;  -5.09;   0.44;  -6.81;  10.28;   9.82;  16.29;  16.90;  24.49;  21.99; -20.13;    1.2;    1.1;    1.1;    1.1;  -4.43;  -9.67; -15.42; -15.97; 100.00;  61.00;  51.25;  48.75;100;100
2223;24.05.2018;16:03:17; -12.66;  -4.99;   0.45;  -4.28;   6.99;   2.31;  15.80;  15.98;  24.66;  21.32; -21.16;    1.2;    1.1;    1.1;    1.1;  -4.27; -11.45; -17.51; -16.48; 100.00; 100.00;  63.50;   0.00;100;100
2226;24.05.2018;16:33:17; -14.56;  -6.08;   0.13; -12.13;   6.84;   2.02;  16.86;  17.01;  24.66;  21.91; -22.14;    1.2;    1.1;    1.1;    1.1;  -5.41; -13.30; -19.78; -17.86;  94.05;  50.00;  63.50;   0.00;100;100
2227;24.05.2018;16:58:17; -13.98;  -5.89;   0.06; -10.22;   6.73;   1.92;  16.92;  17.21;  24.51;  22.02; -22.02;    1.2;    1.1;    1.1;    1.1;  -5.37; -12.72; -19.15; -18.41; 100.00;  50.00;  50.50;   0.00;100;100
2228;24.05.2018;17:18:17; -13.17;  -5.79;  -0.07;  -9.26;   6.51;   1.69;  16.58;  16.74;  24.81;  21.52; -21.76;    1.2;    1.1;    1.1;    1.1;  -4.30; -11.93; -17.78; -18.64; 100.00;  73.50;  63.25;   0.00;100;100
2230;27.05.2018;18:33:17;  -8.74;-158;314;   0.69;   6.66;   4.58;1710;1721;  24.63;2184; -14.23;    1.3;    1.1;    1.1;    1.1;-362;  -7.31; -12.32; -13.32;  30.50;  50.50;  50.75;   0.00;100;0
2229;29.05.2018;10:33:17; -10.04;-234;146;   0.14;  10.44;   9.07;1705;1728;  24.78;2133; -16.04;    1.2;    1.0;    1.1;    1.1;-380;  -8.17; -14.01; -15.00;  70.00;  44.50;  64.25;  83.40;100;0
2230;29.05.2018;10:58:17; -10.42;-132;210;   0.90;  10.89;   8.65;1707;1722;  25.02;2135; -16.24;    1.2;    1.0;    1.1;    1.1;-239;  -8.53; -15.03; -15.18;  15.00;  45.80;  64.00;  15.00;100;0
2231;29.05.2018;11:13:17; -10.50;-134;339;   0.42;   8.38;   4.42;1720;1743;  24.94;2136; -16.51;    1.2;    1.0;    1.1;    1.1;-132;  -8.54; -14.79; -15.30;  13.50;  41.00;  63.50;   0.00;100;0
2238;30.05.2018;18:58:17;  -4.02;-137;229;   0.33;   9.86;   9.28;1669;1681;  24.67;2188; -29.61;    1.2;    1.0;    1.1;    1.1;-107;  -3.09;  -8.33; -24.51;  18.50;  64.00;  52.25; 100.00;100;0
2241;31.05.2018;12:13:17; -11.60;-359;162;  -8.54;   5.56;   3.91;1674;1688;  24.70;2204; -20.41;    1.2;    1.0;    1.1;    1.1;-496;  -9.87; -15.28; -20.02;  93.60;  61.50;  51.00;  85.50;100;0
2245; 2/06/2018;23:58:17; -10.45;  -3.60;  -0.61;  -4.89;  12.42;   7.07;  17.11;  17.18;  24.32;  22.06; -25.33;    1.2;    1.0;    1.0;    1.1;  -7.14;  -9.06; -14.84; -22.61; 100.00;  42.50;  51.50;   0.00;100;0
2246; 3/06/2018; 0:13:17; -13.09;  -4.31;  -0.59;  -8.92;   7.07;   2.22;  16.97;  16.98;  23.93;  22.01; -25.52;    1.2;    1.0;    1.0;    1.1;  -6.92; -11.49; -17.38; -22.55; 100.00;  57.50;  52.25;   0.00;100;0
2247; 3/06/2018; 0:43:17; -11.55;  -3.34;  -0.30;  -1.59;   8.29;   3.85;  16.06;  16.14;  23.94;  21.65; -25.85;    1.2;    1.0;    1.0;    1.1;  -6.02; -10.18; -15.97; -22.61; 100.00; 100.00;  53.00;   0.00;100;0
2249; 3/06/2018; 0:58:17; -14.02;  -4.01;  -0.52;  -8.45;   6.14;   1.79;  17.13;  16.90;  23.19;  21.88; -25.75;    1.2;    1.0;    1.0;    1.1;  -5.35; -12.40; -18.77; -22.70; 100.00;  54.00;  53.25;  22.80;100;0
2253; 3/06/2018; 1:28:17; -17.77;  -2.81;  -0.57;  -0.14;   7.79;   5.15;  17.23;  16.98;  22.56;  21.66; -26.24;    1.2;    1.0;    1.0;    1.1;  -9.76; -16.06; -23.45; -22.90;  92.50;  48.00;  66.00;   0.00;100;0
2255; 5/06/2018;12:18:17;  -0.01;   0.60;   4.99;   0.37;   8.09;   5.77;  17.46;  16.37;  24.51;  22.01; -10.23;    1.3;    1.0;    1.0;    1.1;   2.13;   1.02;  -2.94;  -9.06;   0.00;  75.00;  51.00;  23.00;100;0
2258; 5/06/2018;13:53:17;   5.08;   4.81;   8.36;   6.62;  10.21;   7.93;  17.62;  17.64;  24.94;  21.50; -10.05;    1.3;    1.0;    1.0;    1.1;   7.15;   5.61;   2.56;  -8.27;   0.00;  23.50;  50.50;   0.00;100;0
2259; 6/06/2018; 2:18:17;  -1.68;  -0.18;   3.69;  -1.80;   5.71;   2.47;  17.47;  16.76;  21.34;  20.69; -15.07;    1.3;    0.9;    1.0;    1.1;   0.23;  -0.58;  -4.98; -12.25;   0.00;  56.50;  78.50;   0.00;100;0
2261; 6/06/2018; 2:28:17;  -4.73;  -1.30;   0.44;  -4.80;  10.90;  10.47;  17.51;  16.76;  21.21;  20.58; -17.18;    1.2;    0.9;    1.0;    1.1;  -4.59;  -3.24;  -8.42; -12.98;  15.00;  56.50;  78.50;  37.80;100;0
2262; 6/06/2018; 3:13:17;  -9.52;  -2.05;   0.05;  -1.98;   9.61;   9.22;  17.47;  16.66;  20.77;  20.14; -20.46;    1.3;    0.9;    1.0;    1.1;  -5.90;  -8.03; -13.11; -15.69;  53.50;  56.50;  91.00;  50.00;100;0
2260; 6/06/2018; 8:03:17;-1651;-240;-245;-431;2160;2193;  17.44;  17.08;2219;2123; -23.26;    1.2;    0.9;    1.0;    1.1;  -0.96;-1474; -23.83; -20.73;  70.00;  55.00;  75.00;   0.00;100;0
2261; 6/06/2018; 8:08:17;-1680;-248;-257;-402;2163;2196;  17.46;  16.77;2264;2149; -23.21;    1.2;    0.9;    1.0;    1.1;  -1.04;-1496; -23.75; -20.73;  74.00;  55.00;  62.50;   0.00;100;0
2262; 6/06/2018; 8:13:17;-1760;-209;-205;-298;2167;2200;  17.55;  17.29;2239;2118; -23.18;    1.2;    0.9;    1.0;    1.1;  -2.28;-1540; -23.33; -20.72;  54.50;  42.00;  62.50;   0.00;100;0
2263; 6/06/2018; 8:18:17;-1808;-245;-254;-404;2171;2202;  17.52;  16.82;2261;2112; -23.31;    1.2;    0.9;    1.0;    1.1;  -2.91;-1587; -22.83; -20.74;  73.00;  55.00;  62.50;   0.00;100;0
2264; 6/06/2018; 8:23:17;-1768;-209;-205;-349;2180;2212;  17.51;  17.26;2329;2152; -23.37;    1.2;    0.9;    1.0;    1.1;  -2.52;-1554; -22.62; -20.76;  54.50;  42.50;  62.50;   0.00;100;0
2265; 6/06/2018; 8:28:17;-1769;-239;-244;-361;2191;2222;  17.56;  16.87;2386;2195; -23.51;    1.2;    0.9;    1.0;    1.1;  -3.01;-1550; -22.61; -20.81;  69.50;  51.05;  62.50;   0.00;100;0
2266; 6/06/2018; 8:33:17;-1590;-270;-16;-1036;692;219;  17.33;  16.69;2385;2195; -23.69;    1.2;    0.9;    1.0;    1.1;  -5.48;-1405; -17.53; -20.87;  84.00;  77.00;  62.50;   0.00;100;0
2267; 6/06/2018; 8:38:17;-1096;-177;126;-94;616;267;  17.06;  16.30;2389;2199; -23.84;    1.2;    0.9;    1.0;    1.1;  -1.40;-948; -13.48; -20.92;  38.00;  87.00;  62.50;   0.00;100;0
2269; 9/06/2018; 3:53:17; -13.27;  -4.10;  -0.09;  -6.66;   7.53;   6.99;  17.35;  17.20;  20.16;  19.58; -20.40;    1.2;    1.0;    1.0;    1.1;  -3.88; -11.08; -16.90; -19.21; 100.00;  49.50; 100.00;  37.05;100;0
2274; 9/06/2018; 4:28:17; -15.50;  -4.45;  -1.16;  -5.35;   9.43;   4.76;  17.60;  17.52;  20.13;  19.51; -20.52;    1.2;    1.0;    1.0;    1.1;  -4.67; -12.61; -20.39; -19.28; 100.00;  28.50; 100.00;   0.00;100;0
2276; 9/06/2018; 4:48:17; -14.73;  -4.88;  -0.84;  -8.09;   7.15;   2.65;  17.61;  17.41;  20.10;  19.49; -20.35;    1.2;    1.0;    1.0;    1.1;  -5.08; -12.40; -18.08; -19.28; 100.00;  35.50; 100.00;   0.00;100;0
2280;12.06.2018; 3:48:17;  -8.65;  -2.46;   2.09;  -5.73;   8.57;   3.95;  17.58;  17.34;  20.33;  19.81; -14.28;    1.2;    1.0;    1.0;    1.1;  -1.97;  -6.53; -12.41; -13.61;  69.15;  41.50; 100.00;   0.00;100;0
2281;12.06.2018; 3:53:17;  -7.67;  -2.19;   1.70;  -3.72;   9.69;   9.27;  17.61;  17.01;  20.29;  19.78; -14.11;    1.2;    1.0;    1.0;    1.1;  -1.78;  -5.90; -11.37; -13.60;  58.00;  54.50; 100.00;  58.40;100;0
2284;12.06.2018;13:38:17; -10.84;  -2.46;   2.08;  -5.79;   2.91;  -0.67;  17.52;  16.09;  24.53;  22.04; -18.69;    1.2;    1.1;    1.1;    1.1;  -3.22;  -9.00; -14.09; -15.32;  73.50;  89.50;  51.50;   0.00;100;0
2286;12.06.2018;14:08:17; -12.44;  -2.40;   1.01;  -3.06;   5.43;   1.95;  17.60;  16.18;  24.62;  22.03; -20.36;    1.2;    1.1;    1.1;    1.1;  -2.82; -10.21; -16.08; -16.37;  71.00;  71.85;  51.25;   0.00;100;0
2287;12.06.2018;14:53:17; -14.18;  -1.16;   2.44;   3.04;   9.39;   7.09;  18.32;  17.70;  24.79;  21.38; -21.60;    1.2;    1.1;    1.1;    1.1;  -4.07; -10.81; -18.64; -18.26;   8.00;  21.50;  64.00;   0.00;100;0
2289;12.06.2018;15:18:17; -14.73;  -1.22;   2.63;   1.65;  10.04;   6.69;  18.39;  15.52;  24.95;  21.54; -21.73;    1.2;    1.1;    1.1;    1.1;  -3.23; -12.02; -19.14; -19.37;   8.50; 100.00;  63.50;   0.00;100;0
2290;12.06.2018;17:38:17; -11.77;  -2.47;   1.98;  -4.72;   9.87;   7.54;  17.44;  16.47;  24.64;  21.95; -22.29;    1.2;    1.1;    1.1;    1.1;  -0.76;  -9.35; -16.12; -20.52;  72.00;  64.85;  64.00;  81.00;100;0
2291;12.06.2018;17:43:17; -10.94;  -2.05;   1.62;  -0.15;  10.51;  10.00;  17.55;  16.98;  24.61;  21.64; -22.10;    1.2;    1.1;    1.1;    1.1;  -3.19;  -8.83; -14.18; -20.46;  54.00;  63.00;  51.25;  59.60;100;0
2292;12.06.2018;17:53:17; -11.44;  -2.22;   1.84;  -3.08;  10.60;  10.08;  17.52;  16.49;  24.64;  21.90; -23.11;    1.2;    1.1;    1.1;    1.1;  -1.88;  -9.20; -15.43; -20.66;  58.50;  62.85;  63.75;  84.80;100;0
2295;15.06.2018; 9:23:17; -10.96;  -3.89;   1.48;  -6.39;   4.57;   2.99;  17.22;  17.24;  24.60;  21.99; -15.57;    1.2;    1.0;    1.1;    1.1;  -4.27;  -9.04; -14.17; -14.60; 100.00;  48.00;  51.50;  79.80;100;0
2296;15.06.2018; 9:53:17; -11.19;  -1.46;   2.81;   0.02;   8.21;   4.30;  17.28;  17.30;  25.08;  21.39; -15.57;    1.2;    1.0;    1.1;    1.1;  -1.72;  -9.25; -15.19; -14.72;  18.50;  39.50;  64.25;   0.00;100;0
2297;15.06.2018;10:08:17; -11.05;  -1.21;   2.80;   2.43;   7.33;   5.24;  17.27;  17.72;  24.91;  21.37; -15.47;    1.2;    1.0;    1.1;    1.1;  -3.36;  -9.11; -14.61; -14.68;  10.00;  23.50;  63.75;   0.00;100;0
2298;18.06.2018;12:13:17;  -7.49;  -1.75;   3.06;  -2.79;   6.42;   1.77;  17.31;  17.24;  25.02;  21.52; -13.34;    1.2;    0.9;    0.9;    1.1;  -0.44;  -5.98; -11.07; -12.12;  36.00;  49.50;  64.00;   0.00;100;0
2299;18.06.2018;12:18:17;  -7.71;  -2.39;   2.58;  -6.27;   6.42;   1.47;  17.32;  16.40;  24.62;  22.04; -13.31;    1.2;    0.9;    0.9;    1.1;  -2.39;  -6.06; -11.12; -12.12;  67.50;  68.35;  51.50;  14.20;100;0
2300;18.06.2018;12:23:17;  -6.45;  -1.48;   2.32;   0.17;   9.67;   9.13;  17.32;  16.97;  24.68;  21.62; -13.26;    1.2;    0.9;    0.9;    1.1;  -0.68;  -5.09; -11.01; -12.10;  23.50;  55.60;  51.25; 100.00;100;0
2301;18.06.2018;12:58:17;  -6.10;  -2.10;   3.02;  -1.99;   5.43;   1.09;  17.47;  17.13;  24.85;  21.40; -13.21;    1.2;    0.9;    0.9;    1.0;  -0.67;  -4.78;  -9.34; -11.96;  54.00;  49.00;  62.90;  22.15;100;0
2303;18.06.2018;13:38:17;  -6.65;  -2.08;   2.13;  -4.41;  10.64;   6.78;  17.42;  16.85;  24.85;  21.76; -13.11;    1.2;    0.9;    0.9;    1.1;  -3.18;  -5.06; -10.13; -11.82;  52.00;  52.40;  63.75;   0.00;100;0
2305;18.06.2018;14:03:17;  -7.24;  -2.41;   2.79;  -2.78;   5.97;   3.82;  17.32;  16.77;  24.60;  21.82; -13.19;    1.2;    0.9;    0.9;    1.1;  -1.41;  -5.60; -10.45; -11.82;  71.00;  65.50;  51.00;  78.05;100;0
2308;18.06.2018;14:53:17;  -6.21;  -1.95;   2.19;  -1.78;  10.07;   8.23;  17.60;  17.09;  25.38;  22.87; -12.89;    1.2;    0.9;    0.9;    1.1;  -1.89;  -4.81; -10.08; -11.65;  46.50;  40.50;  55.25;  21.60;100;0
2309;18.06.2018;15:18:17;  -6.95;  -2.22;   2.69;  -1.86;   5.99;   2.97;  17.41;  17.41;  25.71;  22.35; -12.69;    1.2;    0.9;    0.9;    1.1;  -1.67;  -5.33; -10.24; -11.51;  63.00;  35.00;  55.25;  30.60;100;0
2310;18.06.2018;15:38:17;  -5.75;  -2.10;   1.89;  -1.67;  10.77;   6.94;  17.58;  17.40;  25.68;  22.54; -12.53;    1.2;    0.9;    0.9;    1.1;  -3.28;  -4.30;  -9.38; -11.39;  57.00;  29.00;  55.00;  35.30;100;0
2317;18.06.2018;16:58:17;  -5.50;  -1.79;   2.95;  -0.36;   5.07;   2.15;  17.17;  16.69;  25.70;  22.53; -12.04;    1.2;    0.8;    0.9;    1.1;  -0.97;  -4.10;  -8.58; -10.91;  41.00;  74.50;  53.00;   0.00;100;0
2320;18.06.2018;17:33:17;  -4.89;  -1.90;   2.88;  -1.57;   5.28;   1.96;  17.34;  16.55;  25.59;  23.06; -11.84;    1.2;    0.9;    0.9;    1.1;  -1.56;  -3.69;  -7.88; -10.73;  46.00;  67.00;  52.75;   0.00;100;0
2321;18.06.2018;17:38:17;  -5.41;  -1.40;   2.42;   0.27;   9.62;   6.93;  17.38;  17.04;  25.67;  22.61; -11.82;    1.2;    0.8;    0.9;    1.1;  -2.39;  -3.97;  -9.15; -10.71;  21.50;  55.00;  52.75;   0.00;100;0
2322;18.06.2018;17:53:17;  -5.58;  -2.14;   2.62;  -2.45;   6.55;   3.31;  17.17;  16.37;  25.63;  22.83; -11.79;    1.2;    0.8;    0.9;    1.1;  -1.01;  -4.10;  -8.94; -10.65;  56.00;  88.50;  52.25;  29.80;100;0
2324;18.06.2018;18:08:17;  -5.83;  -1.69;   2.89;  -0.61;   6.83;   2.67;  17.29;  16.82;  25.64;  22.91; -11.80;    1.2;    0.8;    0.9;    1.1;  -0.36;  -4.34;  -9.23; -10.61;  33.50;  66.00;  52.50;   0.00;100;0
2326;18.06.2018;19:13:17;  -4.53;  -1.78;   3.00;  -0.21;   5.32;   2.58;  17.31;  17.13;  25.88;  22.34; -11.80;    1.2;    0.8;    0.9;    1.1;  -0.25;  -3.31;  -7.88; -10.64;  39.50;  52.00;  64.25;  54.15;100;0
2327;18.06.2018;19:28:17;  -4.69;  -1.78;   2.31;  -1.33;   8.79;   8.20;  17.36;  17.29;  25.98;  22.27; -11.89;    1.2;    0.8;    0.9;    1.1;  -1.03;  -3.42;  -8.05; -10.65;  38.50;  42.50;  64.00; 100.00;100;0
2328;18.06.2018;19:33:17;  -5.66;  -2.18;   2.80;  -4.37;   5.73;   1.31;  17.31;  16.74;  25.77;  22.90; -11.89;    1.2;    0.8;    0.9;    1.1;  -1.66;  -4.20;  -8.45; -10.65;  58.50;  50.50;  64.50;   0.00;100;0
2329;19.06.2018;13:33:17; -12.03;  -6.64;  -5.50; -12.20;   9.87;   3.70;  18.31;  18.50;  22.66;  21.80; -15.12;    1.2;    0.8;    0.8;    1.1; -11.25;  -9.57; -15.60; -11.76; 100.00;   0.00;  75.50;   0.00;100;100
2330;19.06.2018;15:23:17; -14.61; -10.36;  -7.99; -14.80;  11.00;   4.27;  20.42;  20.57;  21.96;  21.17; -18.26;    1.1;    0.8;    0.8;    1.1; -13.86; -11.95; -18.19; -14.08; 100.00;   0.00; 100.00;   0.00;100;100
2331;19.06.2018;16:13:17; -16.18; -11.51;  -9.32; -16.38;  12.69;   5.77;  23.27;  27.26;  29.39;  25.78; -20.30;    1.0;    0.8;    0.8;    1.1; -15.60; -13.36; -19.77; -15.40; 100.00;   0.00;   0.00;   0.00;100;100
2332;19.06.2018;16:18:17; -16.33; -11.71;  -9.49; -16.53;  12.75;   5.79;  23.80;  28.34;  30.60;  26.65; -20.35;    1.0;    0.8;    0.8;    1.1; -15.76; -13.52; -19.90; -15.51; 100.00;   0.00;   0.00;   0.00;100;100
2333;19.06.2018;16:38:17; -17.00; -12.40; -10.70; -17.17;  14.77;   8.53;  25.33;  29.51;  30.81;  27.94; -20.46;    1.0;    1.0;    1.1;    1.1; -16.68; -14.16; -20.55; -16.00; 100.00;   0.00;   0.00;   0.00;100;100
2337;19.06.2018;18:53:17;   5.20;  18.88;  20.73;  22.23;  22.07;  22.18;  21.60;  21.84;  22.73;  21.98; -18.58;    1.2;    1.2;    1.2;    1.1;   1.65;   0.28; -19.38; -15.92;   0.00;   0.00;  75.75;   0.00;100;0
2338;21.06.2018;16:53:17; -15.94;  -1.80;   1.52;  -0.10;   7.18;   4.17;  16.79;  16.97;  25.12;  22.89; -22.57;    1.1;    1.1;    1.1;    1.0;  -2.08; -13.25; -19.59; -21.79;  41.00;  62.50;  57.20;   0.00;100;0
2339;21.06.2018;17:13:17; -12.86;  -2.30;   0.72;  -3.36;   9.14;   6.43;  17.17;  16.11;  25.19;  22.94; -22.40;    1.1;    1.1;    1.1;    1.0;  -3.28; -10.79; -15.90; -21.62;  65.00;  86.50;  53.25;   0.00;100;0
2341;21.06.2018;17:23:17; -10.93;  -1.75;   1.34;  -0.57;   9.39;   8.08;  17.14;  16.26;  25.13;  22.91; -22.44;    1.1;    1.1;    1.1;    1.0;  -2.81;  -9.02; -14.81; -21.58;  37.50;  89.50;  53.25;  95.15;100;0
2343;21.06.2018;18:23:17;  -8.94;  -2.11;   1.07;  -3.88;   8.45;   7.86;  17.26;  17.11;  25.39;  22.58; -23.16;    1.1;    1.1;    1.1;    1.0;  -2.12;  -7.07; -12.02; -21.80;  55.50;  44.00;  65.75;  42.65;100;0
2347;21.06.2018;19:53:17;  -8.73;  -2.01;   1.83;  -4.05;   7.56;   3.00;  17.18;  17.21;  25.55;  22.42; -23.96;    1.1;    1.1;    1.1;    1.0;  -0.48;  -6.29; -13.23; -22.58;  50.00;  42.00;  65.75;  39.10;100;0
2348;24.06.2018;12:53:17; -14.23;  -3.68;  -0.11;  -4.14;   8.04;   3.43;  17.51;  17.18;  25.25;  22.86; -24.54;    1.1;    1.1;    1.1;    1.1;  -5.11; -11.90; -17.52; -23.47; 100.00;  49.30;  53.50;   0.00;100;0
2349;24.06.2018;21:38:17; -11.07;  -2.46;   0.94;  -6.61;  11.99;  10.81;  17.31;  17.08;  25.25;  22.55; -23.83;    1.1;    1.1;    1.1;    1.1;  -5.21;  -8.56; -14.87; -22.53;  71.50;  37.00;  66.25;  11.75;100;0
2351;24.06.2018;22:18:17; -14.97;  -3.88;   0.12;  -2.39;   8.72;   4.01;  17.50;  17.11;  25.37;  22.67; -23.63;    1.1;    1.1;    1.1;    1.1;  -4.67; -12.40; -18.86; -22.61; 100.00;  48.50;  53.75;   0.00;100;0
2352;24.06.2018;22:23:17; -14.44;  -4.22;   0.51;  -4.82;   7.83;   3.21;  17.29;  16.14;  25.01;  22.66; -23.64;    1.1;    1.1;    1.1;    1.1;  -4.73; -12.09; -17.79; -22.58; 100.00;  44.20;  66.25;   0.00;100;0
2353;26.06.2018;10:53:17;  -4.78;  -1.95;   2.49;  -3.04;   3.75;   0.71;  17.43;  16.72;  25.21;  22.84; -12.52;    1.2;    1.1;    1.1;    1.1;  -1.59;  -3.35;  -7.79; -11.33;  47.50;  50.50;  65.00;   0.00;100;0
2355;26.06.2018;12:03:17;  -3.01;  -1.46;   2.26;  -2.73;  10.90;   8.33;  17.39;  15.69;  25.07;  22.99; -12.26;    1.2;    1.1;    1.1;    1.1;  -1.24;  -1.64;  -5.97; -11.30;  23.00; 100.00;  52.75;  70.70;100;0
2356;26.06.2018;12:13:17;  -3.18;  -1.66;   2.52;  -0.34;   7.86;   6.56;  17.34;  17.00;  25.35;  22.56; -12.11;    1.2;    1.1;    1.1;    1.1;  -0.22;  -1.95;  -6.28; -11.26;  33.50;  55.95;  52.75;  78.40;100;0
2358;26.06.2018;12:33:17;  -2.33;  -1.29;   2.37;  -1.74;  10.21;   8.14;  17.39;  15.68;  25.06;  22.90; -12.03;    1.2;    1.1;    1.1;    1.1;  -1.46;  -1.17;  -5.54; -11.19;  14.50;  95.50;  62.40;   4.75;100;0
2359;27.06.2018;12:18:17;  -5.39;  -1.86;   2.13;  -2.49;   9.62;   8.49;  17.35;  17.34;  25.48;  22.48; -11.49;    1.2;    1.0;    1.1;    1.1;  -0.39;  -3.84;  -8.78; -10.98;  42.50;  37.50;  65.50;  95.45;100;0
2363;27.06.2018;22:28:17;  -4.85;  -1.92;   2.03;  -3.47;   9.99;   6.61;  17.43;  17.32;  25.47;  22.56; -11.56;    1.2;    1.0;    1.0;    1.1;  -2.30;  -3.31;  -8.15; -11.21;  45.50;  35.50;  65.25;   0.00;100;0
2365;27.06.2018;22:58:17;  -2.80;  -1.53;   2.56;  -1.60;   8.93;   7.42;  17.37;  17.32;  25.58;  22.38; -11.40;    1.2;    1.0;    1.0;    1.1;  -0.19;  -1.63;  -5.54; -11.06;  26.50;  39.00;  65.25;  90.45;100;0
2371;28.06.2018; 1:13:17;  -7.16;  -2.06;   2.83;  -5.72;   7.34;   2.68;  17.52;  16.46;  23.31;  22.49; -12.74;    1.2;    1.0;    1.0;    1.1;  -1.75;  -5.40; -10.79; -10.87;  51.00;  66.00;  66.25;  34.75;100;0
2372;29.06.2018; 9:53:17; -23.37; -16.92; -17.35; -23.74;  25.34;  25.81;  27.86;  25.06;  34.37;  32.12; -26.84;    0.6;    1.0;    1.0;    1.1; -23.92; -19.68; -27.15; -23.65; 100.00;   0.00;   0.00;   0.00;100;0
2376; 1/07/2018; 1:38:17;  11.41;  24.52;  24.58;  25.77;  25.50;  25.69;  23.67;  23.94;  24.36;  22.84; -30.18;    1.2;    0.0;    0.0;    1.3;  -3.51;   7.85; -21.74; -25.02; 100.00;   0.00;   0.00;   0.00;100;0
2378; 1/07/2018; 4:38:17;  10.13;  23.90;  23.95;  25.13;  24.88;  25.05;  22.49;  22.72;  23.16;  21.95; -32.78;    1.2;    0.0;    0.0;    1.3;  -6.62;   6.28; -24.78; -28.37; 100.00;   0.00;   0.00;   0.00;100;0
2379; 3/07/2018;14:28:17; -11.16;  -2.43;   1.86;  -0.12;   5.09;   3.53;  16.79;  16.53;  25.80;  22.94; -33.57;    1.2;    1.3;    1.3;    1.2;  -4.25;  -9.29; -13.77; -29.82;  72.50;  74.50;  51.50;  29.20;100;0
2381; 3/07/2018;14:38:17; -14.23;  -2.89;   0.89;  -3.05;  10.42;  10.02;  17.16;  17.26;  25.56;  22.94; -33.34;    1.2;    1.3;    1.3;    1.2;  -4.43; -11.58; -17.35; -29.88;  95.00;  48.50;  64.00;  55.65;100;0
2382; 3/07/2018;15:03:17; -11.62;  -2.49;   1.17;  -2.21;  10.57;  10.18;  17.20;  16.83;  25.61;  23.03; -33.64;    1.2;    1.3;    1.3;    1.2;  -3.45;  -9.81; -13.68; -29.89;  74.50;  49.50;  51.50;  72.00;100;0
2384; 4/07/2018; 3:18:17; -24.20;  -5.72;  -1.05;  -9.16;   6.92;   6.54;  17.63;  17.41;  20.65;  19.93; -28.87;    1.1;    1.3;    1.3;    1.2;  -6.15; -20.72; -28.41; -27.75; 100.00;  39.50; 100.00;  94.30;100;0
2385; 4/07/2018; 3:23:17; -24.12;  -4.14;  -0.19;  -3.22;   3.93;   1.25;  17.48;  17.04;  20.56;  19.86; -28.70;    1.1;    1.3;    1.3;    1.2;  -6.37; -20.66; -28.68; -27.53; 100.00;  39.50; 100.00;   0.00;100;0
2386; 4/07/2018; 3:28:17; -24.11;  -3.36;   0.80;  -8.51;   6.59;   1.25;  17.48;  16.76;  20.48;  19.79; -28.65;    1.1;    1.3;    1.3;    1.2;  -3.44; -20.63; -28.58; -27.36;  75.55;  52.00; 100.00;  40.15;100;0
2387; 4/07/2018; 5:03:17; -21.61;  -4.74;   0.10;  -8.97;   2.32;   0.07;  17.53;  17.20;  19.81;  19.13; -26.26;    1.1;    1.3;    1.3;    1.2;  -5.13; -18.52; -25.54; -25.21; 100.00;  40.50; 100.00;  85.50;100;0
2388; 4/07/2018; 5:13:17; -20.84;  -1.94;   0.29;   0.44;   6.91;   5.28;  17.53;  16.85;  19.79;  19.09; -26.36;    1.1;    1.3;    1.3;    1.2;  -5.97; -17.93; -25.59; -24.88;  48.50;  53.00; 100.00;  36.80;100;0
2389; 7/07/2018; 9:13:17; -14.93;  -2.28;   0.95;FAILED;  10.45;   7.34;  17.19;  17.24;  25.88;  22.50; -20.39;    1.2;    1.3;    1.3;    1.2;  -5.65; -12.61; -18.75; -20.07;  65.50;  47.50;  62.75;   0.00;100;0
2390;10.07.2018; 9:18:17; -20.46;  -3.66;  -0.15;FAILED;   7.17;   6.35;  17.47;  16.11;  25.65;  23.08; -29.38;    1.1;    1.2;    1.3;    1.2;  -3.04; -17.77; -24.00; -27.14; 100.00;  92.50;  51.00; 100.00;100;0
2391;10.07.2018; 9:23:17; -20.50;  -4.80;  -0.27;FAILED;   3.49;   2.39;  17.40;  17.51;  25.85;  22.81; -29.36;    1.1;    1.2;    1.3;    1.2;  -7.72; -17.69; -23.98; -27.18; 100.00;  33.45;  51.00;  67.80;100;0
2393;10.07.2018;11:03:17; -21.34;  -3.92;  -0.29;FAILED;   8.31;   7.87;  17.29;  17.35;  26.07;  22.35; -29.01;    1.1;    1.2;    1.3;    1.2;  -4.41; -18.51; -25.19; -27.75; 100.00;  36.00;  64.75;  45.85;100;0
2395;10.07.2018;13:38:17; -20.27;  -4.81;   0.04;FAILED;   2.65;   0.62;  17.56;  16.47;  25.76;  22.93; -29.26;    1.1;    1.2;    1.3;    1.2;  -8.41; -17.39; -23.70; -28.33; 100.00;  86.50;  52.00;  78.20;100;0
2396;10.07.2018;13:43:17; -19.59;  -4.03;  -0.20;FAILED;  10.13;   9.75;  17.14;  17.51;  25.86;  22.78; -29.58;    1.1;    1.2;    1.3;    1.2;  -4.79; -16.79; -23.41; -28.31; 100.00;  36.50;  51.75;  61.25;100;0
2398;10.07.2018;14:33:17; -16.05;  -3.31;   0.26;FAILED;  10.57;   9.40;  16.49;  16.81;  26.05;  22.57; -29.95;    1.2;    1.2;    1.3;    1.2;  -6.39; -13.38; -19.80; -28.05;  93.00;  60.50;  51.25;  32.20;100;0
2401;10.07.2018;15:03:17; -17.25;  -3.86;   0.48;FAILED;   3.41;  -0.51;  17.30;  15.50;  25.74;  23.03; -29.71;    1.2;    1.2;    1.3;    1.2;  -5.98; -14.61; -20.84; -27.58; 100.00; 100.00;  51.00;  31.35;100;0
2403;10.07.2018;15:13:17; -16.62;  -2.11;   0.72;FAILED;   7.94;   5.95;  17.41;  17.16;  26.11;  22.48; -29.01;    1.2;    1.2;    1.3;    1.2;  -6.70; -14.30; -19.77; -27.46;  57.00;  52.00;  51.00;   0.00;100;0
2404;11.07.2018;13:08:17; -18.89;  -1.70;   0.46;FAILED;   7.36;   5.31;  17.00;  17.29;  25.77;  22.80; -40.00;    1.1;    1.2;    1.3;    1.2;  -6.68; -16.72; -22.09; -35.59;  36.50;  36.50;  63.75;   0.00;100;0
2405;11.07.2018;18:38:17; -21.09;  -1.65;  -0.20;FAILED;  10.41;   9.56;  17.34;  17.82;  25.84;  22.71; -40.00;    1.2;    1.2;    1.3;    1.2;  -5.54; -18.45; -23.98; -35.40;  33.50;  15.45;  51.75;  35.80;100;0
2406;11.07.2018;18:58:17; -21.01;  -2.29;   0.17;FAILED;   7.39;   4.72;  17.58;  17.05;  25.44;  22.94; -40.00;    1.2;    1.2;    1.3;    1.2;  -4.18; -18.17; -22.41; -35.48;  66.00;  36.50;  64.00;   0.00;100;0
2407;13.07.2018;14:03:17; -13.68;  -2.27;   0.01;FAILED;   8.41;   5.95;  17.68;  18.35;  25.89;  22.52; -19.30;    1.2;    1.2;    1.3;    1.2;   0.35; -11.55; -17.71; -18.74;  66.50;   0.00;  50.50;   0.00;100;0
2410;13.07.2018;14:38:17; -13.46;  -3.09;   1.12;FAILED;   3.77;   1.05;  17.83;  18.27;  25.80;  22.49; -18.98;    1.2;    1.2;    1.3;    1.2;   0.91; -11.33; -16.71; -18.57; 100.00;   0.00;  62.75;  54.10;100;0
2411;13.07.2018;14:43:17; -13.41;  -3.01;   0.61;FAILED;   7.12;   3.48;  17.29;  16.43;  25.62;  22.76; -18.95;    1.2;    1.2;    1.3;    1.2;   0.94; -11.18; -17.15; -18.51; 100.00;  31.35;  62.75;  48.45;100;0
2412;13.07.2018;14:53:17; -12.66;  -3.26;   0.68;FAILED;   4.32;   2.02;  17.68;  16.06;  25.55;  23.03; -18.88;    1.2;    1.2;    1.3;    1.2;   0.86; -10.61; -16.13; -18.39; 100.00; 100.00;  50.25;  16.15;100;0
2413;13.07.2018;14:58:17; -11.77;  -1.58;   0.83;FAILED;   9.72;   8.35;  17.77;  16.46;  25.66;  22.85; -18.94;    1.2;    1.2;    1.3;    1.2;   1.47;  -9.87; -15.81; -18.34;  30.50;  86.50;  50.25;  84.30;100;0
2414;13.07.2018;15:08:17; -11.74;  -2.23;   1.30;FAILED;  10.17;   5.18;  17.94;  17.37;  25.87;  22.53; -18.96;    1.2;    1.2;    1.3;    1.2;   1.17;  -9.68; -15.73; -18.27;  57.75;  36.00;  50.25;   0.00;100;0
2415;13.07.2018;15:28:17; -11.12;  -2.59;   1.21;FAILED;   6.99;   6.46;  17.38;  17.23;  25.61;  22.70; -19.06;    1.2;    1.2;    1.3;    1.2;   2.12;  -9.23; -14.45; -18.16;  80.00;  50.00;  63.00; 100.00;100;0
2417;13.07.2018;15:38:17; -11.93;  -2.31;   0.60;FAILED;  10.29;   9.93;  17.76;  13.24;  25.40;  23.03; -19.21;    1.2;    1.2;    1.3;    1.2;   1.66;  -9.79; -15.74; -18.30;  66.50; 100.00;  50.75; 100.00;100;0
2418;13.07.2018;15:58:17; -12.28;  -1.84;   1.88;FAILED;   7.42;   3.93;  17.49;  17.14;  25.76;  22.72; -19.75;    1.2;    1.2;    1.3;    1.2;   1.62; -10.21; -16.60; -18.73;  37.85;  48.00;  50.75;   0.00;100;0
2419;14.07.2018;14:08:17; -14.00;  -3.65;  -0.61;FAILED;  11.34;  10.79;  17.44;  17.44;  25.68;  22.86; -21.62;    1.2;    1.2;    1.3;    1.2;  -0.06; -11.89; -17.73; -20.82; 100.00;  35.00;  50.75;  21.80;100;0
2421;16.07.2018;14:58:17; -15.10;  -1.28;   1.74;FAILED;   8.46;   6.12;  17.93;  17.41;  25.71;  22.71; -21.15;    1.2;    1.2;    1.3;    1.2;  -0.20; -13.00; -19.54; -19.97;  12.00;  21.00;  62.75;   0.00;100;0
2424;16.07.2018;15:33:17; -14.77;  -3.58;  -0.05;FAILED;   8.32;   6.21;  17.72;  15.99;  25.79;  22.66; -21.16;    1.2;    1.2;    1.3;    1.2;  -0.48; -12.81; -18.22; -20.11; 100.00; 100.00;  50.25;   0.00;100;0
2425;16.07.2018;20:08:17;   0.00;   0.00;   0.00;   0.00;   0.00;   0.00;   0.00;   0.00;   0.00;   0.00;   0.00;    1.2;    1.2;    1.3;    1.2;   0.00;   0.00;   0.00;   0.00;   0.00;   0.00;   0.00;   0.00;0;0
2426;16.07.2018;22:08:17; -12.80;  -1.92;   1.25;FAILED;  10.18;   8.09;  18.09;  17.67;  25.94;  22.52; -20.87;    1.2;    1.2;    1.3;    1.2;   0.06; -11.02; -17.90; -19.84;  37.55;  20.60;  62.75;  71.80;100;0
2435;17.07.2018;15:13:17;  -6.84;  -2.31;   2.53;FAILED;   7.03;   4.57;  17.90;  16.73;  25.73;  22.84; -15.43;    1.2;    1.2;    1.3;    1.2;   3.13;  -5.32; -10.02; -14.20;  67.00;  73.00;  50.00;  51.20;100;0
2436;18.07.2018;21:13:17;  -0.96;  -0.42;   4.09;   2.37;   7.81;   5.66;  17.61;  16.90;  25.99;  22.60; -14.80;    1.2;    1.2;    1.3;    1.2;   4.90;   0.22;  -4.12; -12.99;   0.00;  60.50;  49.75;  24.00;100;0
2437;19.07.2018;16:38:17; -11.44;  -1.76;   1.44;   2.61;   7.59;   5.44;  17.85;  17.13;  26.01;  22.52; -17.57;    1.2;    1.2;    1.3;    1.2;  -2.92;  -9.35; -15.80; -15.40;  38.00;  49.60;  50.75;   0.00;100;0
2439;19.07.2018;17:38:17; -12.25;  -2.47;   1.96; 327.67;   6.10;   0.97;  17.61;  17.54;  25.98;  22.57; -17.49;    1.2;    1.2;    1.3;    1.2;  -2.61; -10.03; -15.77; -15.54;  72.00;  25.10;  63.25;   0.00;100;0
2442;19.07.2018;18:13:17; -12.10;  -1.73;   2.28;  30.25;   5.50;   3.61;  17.69;  16.95;  26.06;  22.39; -17.33;    1.2;    1.2;    1.2;    1.2;  -2.16;  -9.91; -15.72; -15.41;  37.00;  60.50;  62.75;   0.00;100;0
2443;19.07.2018;18:18:17; -12.19;  -2.77;   0.63;  81.77;   8.83;   8.26;  17.41;  16.96;  25.93;  22.53; -17.43;    1.2;    1.2;    1.3;    1.2;  -3.04;  -9.96; -15.94; -15.41;  88.50;  61.00;  62.75;  23.30;100;0
2444;20.07.2018;13:08:17; -15.80;  -1.73;   2.50;FAILED;   7.58;   5.02;  17.22;  17.21;  26.14;  22.47; -28.07;    1.1;    1.2;    1.2;    1.2;  -2.76; -13.43; -20.22; -23.86;  36.00;  47.50;  63.25;   0.00;100;0
2445;20.07.2018;23:48:17;-31;250;   4.81;FAILED;791;575;  17.53;1561;2579;2308; -27.25;    1.2;    1.2;    1.2;    1.2;   2.23;68;  -3.66; -21.79;   0.00; 100.00;  49.75;  11.60;100;0
2446;21.07.2018;22:08:17;-1292;-169;   2.38;FAILED;580;378;  17.24;1816;2614;2248; -20.20;    1.1;    1.2;    1.2;    1.2;  -3.32;-1060; -16.63; -18.83;  34.50;   0.00;  53.10;   0.00;100;0
2448;22.07.2018;18:53:17;-1231;-245;   1.48;FAILED;604;404;  16.79;1507;2566;2294; -19.20;    1.2;    1.2;    1.2;    1.2;  -3.93;-987; -15.82; -18.03;  71.00;  76.70;  63.00;  65.00;100;0
2450;22.07.2018;19:23:17;-1111;-180;   1.26;FAILED;1220;1089;  16.50;1705;2614;2247; -19.17;    1.1;    1.2;    1.2;    1.2;  -2.34;-901; -15.47; -17.84;  39.00;  49.50;  63.00;  46.90;100;0
2451;22.07.2018;19:28:17;-1193;-171;   2.17;FAILED;580;355;  17.32;1686;2597;2264; -19.13;    1.1;    1.2;    1.2;    1.2;  -3.26;-965; -15.47; -17.83;  36.50;  63.10;  63.00;   0.00;100;0
2452;22.07.2018;19:33:17;-1195;-228;   1.25;FAILED;939;666;  17.18;1653;2564;2297; -19.14;    1.1;    1.2;    1.2;    1.2;  -4.74;-943; -15.66; -17.81;  62.50;  50.90;  63.00;  33.60;100;0
2454;22.07.2018;20:13:17;-1152;-249;   1.32;FAILED;713;444;  16.68;1713;2577;2285; -19.60;    1.2;    1.2;    1.2;    1.2;  -4.74;-915; -14.96; -17.81;  73.50;  48.50;  63.25;  53.30;100;0
2456;22.07.2018;20:28:17;-1244;-267;   0.39;FAILED;1116;782;  16.69;1723;2561;2306; -20.01;    1.1;    1.2;    1.2;    1.2;  -5.73;-1003; -16.00; -18.01;  83.50;  48.00;  51.00;   0.00;100;0
2458;22.07.2018;20:38:17;-1225;-268;   1.33;FAILED;401;163;  16.90;1666;2575;2308; -19.92;    1.2;    1.2;    1.2;    1.2;  -5.56;-989; -15.50; -18.13;  84.50;  61.00;  50.75;   0.00;100;0
2459;22.07.2018;20:58:17;-1126;-212;   1.62;FAILED;594;451;  16.33;1699;2600;2270; -19.74;    1.2;    1.2;    1.2;    1.2;  -5.05;-916; -14.54; -18.14;  57.00;  48.00;  50.75; 100.00;100;0
2460;22.07.2018;22:08:17;-1109;-259;   1.42;FAILED;416;199;  16.93;1725;2570;2312; -19.79;    1.2;    1.2;    1.2;    1.2;  -5.29;-878; -14.41; -18.01;  80.00;  48.00;  50.50;  13.00;100;0
2461;24.07.2018; 8:33:17;-1672;-201;   1.74;FAILED;715;516;  17.57;1733;2520;2263; -20.55;    1.1;    1.2;    1.2;    1.2;  -2.92;-1407; -20.96; -18.68;  32.90;  40.50;  50.00;   0.00;100;0
2462;25.07.2018;11:28:17; -13.83;  -1.95;   2.01;FAILED;   6.75;   4.65;  17.21;  17.32;  26.09;  22.64; -29.63;    1.1;    1.2;    1.2;    1.2;  -6.88; -11.74; -15.14; -25.66;  49.50;  39.95;  51.50;   0.00;100;0
2467;25.07.2018;12:23:17;  -5.50;  -1.59;   2.88;FAILED;   6.57;   4.89;  16.71;  17.23;  26.21;  22.48; -26.61;    1.1;    1.2;    1.2;    1.2;  -1.11;  -4.15;  -8.06; -23.34;  31.00;  47.50;  51.50;  62.20;100;0
2468;25.07.2018;15:28:17; -11.35;  -4.23;   2.42;FAILED;   5.54;   1.81;  17.58;  17.93;  26.02;  22.58; -27.56;    1.1;    1.2;    1.2;    1.2;  -4.74;  -9.56; -13.82; -23.11; 100.00;  11.00;  63.25;   0.00;100;0
2469;25.07.2018;19:13:17; -12.89;  -1.88;   2.75;FAILED;   7.60;   4.93;  17.31;  17.83;  26.10;  22.46; -31.17;    1.1;    1.2;    1.2;    1.2;  -2.30; -10.91; -16.39; -26.37;  28.75;   0.00;  63.00;   0.00;100;0
2474;25.07.2018;20:58:17;  -5.83;  -1.82;   2.63;FAILED;   9.06;   7.40;  17.06;  17.20;  25.77;  23.02; -30.59;    1.1;    1.2;    1.2;    1.2;  -1.55;  -4.47;  -9.51; -26.63;  39.50;  50.00;  50.25;  30.45;100;0
2475;25.07.2018;21:03:17;  -6.05;  -1.63;   3.15;FAILED;   6.81;   4.95;  16.60;  17.19;  25.92;  22.75; -30.68;    1.1;    1.2;    1.2;    1.2;  -0.42;  -4.52;  -9.84; -26.66;  29.50;  46.50;  50.25;  11.80;100;0
2476; 2/08/2018;10:13:17; -10.20;  -3.32;   1.74;FAILED;   7.89;   6.85;  18.56;  12.38;  25.27;  22.98; -18.60;    1.2;    1.2;    1.2;    1.2;  -4.16;  -8.04; -13.06; -17.65; 100.00; 100.00;  55.20;  69.75;100;0
2477; 3/08/2018;22:28:17;  -2.27;  -0.58;   2.50;FAILED;   8.85;   7.27;  17.99;  13.63;  25.36;  23.04; -12.20;    1.2;    1.2;    1.2;    1.2;  -1.05;  -1.14;  -5.53; -11.25;   0.00; 100.00;  51.00;  45.20;100;0
2478; 5/08/2018; 3:28:17;  -5.41;  -1.94;   0.96;FAILED;   6.05;   4.20;  18.35;  15.87;  20.68;  20.01; -21.33;    1.2;    1.2;    1.2;    1.2;  -1.99;  -3.96;  -8.46; -19.56;  47.50; 100.00; 100.00;  24.00;100;0
